経済,倫理学１,定期試験100％
経済,倫理学１,定期試験100％
経済,日本史１,定期試験７０％、授業中に課した小レポートや宿題３０％で評価する。定期試験は論述形式で行い、理解度・論理性などを判断基準とする。
経済,日本史１,定期試験７０％、授業中に課した小レポートや宿題３０％で評価する。定期試験は論述形式で行い、理解度・論理性などを判断基準とする。
経済,外国史,小テスト二回（30％）、定期試験（70％）。
試験は論述形式で、授業内容の理解度を評価する。
経済,外国史,小テスト二回（30％）、定期試験（70％）。
試験は論述形式で、授業内容の理解度を評価する。
経済,地理学１,評価は筆記テスト（教科書などの持込可）で行なう。毎回、リアクションペーパーで質問や意見を受け付ける。
経済,地理学１,評価は筆記テスト（教科書などの持込可）で行なう。毎回、リアクションペーパーで質問や意見を受け付ける。
経済,地誌学,成績評価は筆記テスト（教科書などの持込可）で行なう。毎回コメントシートにより、質問や意見を受け付ける。
経済,地誌学,成績評価は筆記テスト（教科書などの持込可）で行なう。毎回コメントシートにより、質問や意見を受け付ける。
経済,自然地理学,授業参加度（指示された課題、毎回の講義で提出）30％、定期試験70％で評価する。なお、授業回数の３分の２以上の出席に満たない場合は欠格とする。
経済,自然地理学,授業参加度（指示された課題、毎回の講義で提出）30％、定期試験70％で評価する。なお、授業回数の３分の２以上の出席に満たない場合は欠格とする。
経済,職業指導論１,受講態度（３０％）　授業中に指示する課題及び演習（３０％）　定期試験（４０％）
経済,職業指導論１,受講態度（３０％）　授業中に指示する課題及び演習（３０％）　定期試験（４０％）
経済,現代社会に生きる,期末試験（100点満点。持込不可）で評価
経済,現代社会に生きる,期末試験（100点満点。持込不可）で評価
経済,文学と人間,おもに、平常点で評価する。平常点とは、五～六回の小テスト（70％）と参加状況（10％）による。定期テストは20％。どうしても小テストが受けられなかったときは、翌週に申し出れば考慮する。参加状況とは、ほぼ毎回書いてもらうグループワークによる回答（質問・ポイント・感想など）が対象となる。。
経済,文学と人間,おもに、平常点で評価する。平常点とは、五～六回の小テスト（70％）と参加状況（10％）による。定期テストは20％。どうしても小テストが受けられなかったときは、翌週に申し出れば考慮する。参加状況とは、ほぼ毎回書いてもらうグループワークによる回答（質問・ポイント・感想など）が対象となる。。
経済,芸術文化論,随時小テストを行い、またレポートの提出を求める。成績はそれら80％、受講態度20％で評価する。3分の1以上欠席したものは、単位認定対象外とする。　
経済,芸術文化論,随時小テストを行い、またレポートの提出を求める。成績はそれら80％、受講態度20％で評価する。3分の1以上欠席したものは、単位認定対象外とする。　
経済,文化人類学の世界,講義回数の3分の2以上の出席を条件に、学期末レポート100%で評価します（つまり、出席条件が満たされていない場合は欠格扱いとなり、レポートを提出しても評価の対象とはなりません）。
経済,文化人類学の世界,講義回数の3分の2以上の出席を条件に、学期末レポート100%で評価します（つまり、出席条件が満たされていない場合は欠格扱いとなり、レポートを提出しても評価の対象とはなりません）。
経済,哲学,中間テスト50％、定期試験50％
経済,哲学,中間テスト50％、定期試験50％
経済,倫理学,定期試験100％
経済,倫理学,定期試験100％
経済,心の科学,定期試験を75％とし、講義中に指示する課題・レポートを25％として評価する。
授業回数の3分の1を超えて欠席した場合は、欠格として定期試験の受験を認めない。
経済,心の科学,定期試験を75％とし、講義中に指示する課題・レポートを25％として評価する。
授業回数の3分の1を超えて欠席した場合は、欠格として定期試験の受験を認めない。
経済,宗教の世界,授業時間内のレポートと試験による評価。論述試験なので、その内容が評価対象になる。論述の要点については講義の中で話します。（殆んど試験100%。レポートは加点する。）
経済,宗教の世界,授業時間内のレポートと試験による評価。論述試験なので、その内容が評価対象になる。論述の要点については講義の中で話します。（殆んど試験100%。レポートは加点する。）
経済,日本史,定期試験７０％、授業中に課した小レポートや宿題３０％で評価する。定期試験は論述形式で行い、理解度・論理性などを判断基準とする。
経済,日本史,定期試験７０％、授業中に課した小レポートや宿題３０％で評価する。定期試験は論述形式で行い、理解度・論理性などを判断基準とする。
経済,外国史,小テスト二回（30％）、定期試験（70％）。
試験は論述形式で、授業内容の理解度を評価する。
経済,外国史,小テスト二回（30％）、定期試験（70％）。
試験は論述形式で、授業内容の理解度を評価する。
経済,地理学,評価は筆記テスト（教科書などの持込可）で行なう。毎回、リアクションペーパーで質問や意見を受け付ける。
経済,地理学,評価は筆記テスト（教科書などの持込可）で行なう。毎回、リアクションペーパーで質問や意見を受け付ける。
経済,地誌学,成績評価は筆記テスト（教科書などの持込可）で行なう。毎回コメントシートにより、質問や意見を受け付ける。
経済,地誌学,成績評価は筆記テスト（教科書などの持込可）で行なう。毎回コメントシートにより、質問や意見を受け付ける。
経済,日本国憲法,試験100％
経済,日本国憲法,試験100％
経済,法と社会,試験60%、レポート20%、e-learningによる小テスト20%で評価する。e-learningによる準備学習・事後学習,レポートで毎回の講義内容の理解度について確認する。欠格は適用しないが,試験のみでは合格できないので注意すること。
経済,法と社会,試験60%、レポート20%、e-learningによる小テスト20%で評価する。e-learningによる準備学習・事後学習,レポートで毎回の講義内容の理解度について確認する。欠格は適用しないが,試験のみでは合格できないので注意すること。
経済,経営と社会,レポート(30%)および定期試験(70%)
経済,経営と社会,レポート(30%)および定期試験(70%)
経済,政治と社会,試験(100%)の点数に基づいて評価する。
経済,政治と社会,試験(100%)の点数に基づいて評価する。
経済,社会学,2回のレポート（1回目：30点、2回目：70点）によって評価する。
経済,社会学,2回のレポート（1回目：30点、2回目：70点）によって評価する。
経済,ジェンダーと社会,授業への参加（授業時のコメントなど）20％、試験80％
経済,ジェンダーと社会,授業への参加（授業時のコメントなど）20％、試験80％
経済,地球と宇宙,試験を行います。小テストなどを中間に行い平常点として評価に加える可能性がありますので、授業中の指示に注意して下さい。
経済,地球と宇宙,試験を行います。小テストなどを中間に行い平常点として評価に加える可能性がありますので、授業中の指示に注意して下さい。
経済,物質の成り立ち,授業参加度および授業態度20％。定期試験あるいはレポート80％で評価する。
経済,物質の成り立ち,授業参加度および授業態度20％。定期試験あるいはレポート80％で評価する。
経済,生命の多様性,試験７０％，ショートレポート３０％　：講義内容の理解度と前後の関連を結びつけているのかを問う．
経済,生命の多様性,試験７０％，ショートレポート３０％　：講義内容の理解度と前後の関連を結びつけているのかを問う．
経済,数と論理,課題・小テスト（40％）：理解度の確認のため，授業期間中に数回，課題（ミニレポート）や小テストを課す。
試験（60％）：計算問題。
経済,数と論理,課題・小テスト（40％）：理解度の確認のため，授業期間中に数回，課題（ミニレポート）や小テストを課す。
試験（60％）：計算問題。
経済,現象と論理,課題・小テスト（40％）：理解度の確認のため，授業期間中に数回，課題（ミニレポート）や小テストを課す。
試験（60％）：計算問題と論述問題。
経済,現象と論理,課題・小テスト（40％）：理解度の確認のため，授業期間中に数回，課題（ミニレポート）や小テストを課す。
試験（60％）：計算問題と論述問題。
経済,人間と環境,レポート（前半1回、後半1回の合計2回）で評価しますが、いずれか一方でも提出がない場合には欠格とします。
出席は加点要素としませんが、授業回数の3分の2以上の出席に満たない場合は欠格とします。
経済,人間と環境,レポート（前半1回、後半1回の合計2回）で評価しますが、いずれか一方でも提出がない場合には欠格とします。
出席は加点要素としませんが、授業回数の3分の2以上の出席に満たない場合は欠格とします。
経済,自然地理学,授業参加度（指示された課題、毎回の講義で提出）30％、定期試験70％で評価する。なお、授業回数の３分の２以上の出席に満たない場合は欠格とする。
経済,自然地理学,授業参加度（指示された課題、毎回の講義で提出）30％、定期試験70％で評価する。なお、授業回数の３分の２以上の出席に満たない場合は欠格とする。
経済,コンピュータリテラシー,講義内で実施する課題（60点）、提出物と受講態度（40点）で評価する
欠席を5回以上した場合、欠格とする
遅刻は欠席0.5回とカウントする
経済,コンピュータリテラシー,講義内で実施する課題（60点）、提出物と受講態度（40点）で評価する
欠席を5回以上した場合、欠格とする
遅刻は欠席0.5回とカウントする
経済,コンピュータリテラシー,講義内で実施する課題（60点）、提出物と受講態度（40点）で評価する
欠席を5回以上した場合、欠格とする
遅刻は欠席0.5回とカウントする
経済,コンピュータリテラシー,講義内で実施する課題（60点）、提出物と受講態度（40点）で評価する
欠席を5回以上した場合、欠格とする
遅刻は欠席0.5回とカウントする
経済,コンピュータリテラシー,講義内で実施する課題（60点）、提出物と受講態度（40点）で評価する
欠席を5回以上した場合、欠格とする
遅刻は欠席0.5回とカウントする
経済,コンピュータリテラシー,講義内で実施する課題（60点）、提出物と受講態度（40点）で評価する
欠席を5回以上した場合、欠格とする
遅刻は欠席0.5回とカウントする
経済,コンピュータリテラシー,講義内で実施する課題（60点）、提出物と受講態度（40点）で評価する
欠席を5回以上した場合、欠格とする
遅刻は欠席0.5回とカウントする
経済,コンピュータリテラシー,講義内で実施する課題（60点）、提出物と受講態度（40点）で評価する
欠席を5回以上した場合、欠格とする
遅刻は欠席0.5回とカウントする
経済,情報活用リテラシー,講義内で実施する課題（60％）、提出物と受講態度（40％）で評価する。
欠席を5回以上した場合は欠格とする。
遅刻は欠席0.5回とカウントする。
経済,情報活用リテラシー,講義内で実施する課題（60％）、提出物と受講態度（40％）で評価する。
欠席を5回以上した場合は欠格とする。
遅刻は欠席0.5回とカウントする。
経済,情報活用リテラシー,講義内で実施する課題（60％）、提出物と受講態度（40％）で評価する。
欠席を5回以上した場合は欠格とする。
遅刻は欠席0.5回とカウントする。
経済,情報活用リテラシー,講義内で実施する課題（60％）、提出物と受講態度（40％）で評価する。
欠席を5回以上した場合は欠格とする。
遅刻は欠席0.5回とカウントする。
経済,情報活用リテラシー,講義内で実施する課題（60％）、提出物と受講態度（40％）で評価する。
欠席を5回以上した場合は欠格とする。
遅刻は欠席0.5回とカウントする。
経済,情報活用リテラシー,講義内で実施する課題（60％）、提出物と受講態度（40％）で評価する。
欠席を5回以上した場合は欠格とする。
遅刻は欠席0.5回とカウントする。
経済,情報活用リテラシー,講義内で実施する課題（60％）、提出物と受講態度（40％）で評価する。
欠席を5回以上した場合は欠格とする。
遅刻は欠席0.5回とカウントする。
経済,情報活用リテラシー,講義内で実施する課題（60％）、提出物と受講態度（40％）で評価する。
欠席を5回以上した場合は欠格とする。
遅刻は欠席0.5回とカウントする。
経済,情報社会と倫理,試験60%,平常点40%（準備学習20%,レポート20%）で評価する。e-learningによる準備学習・事後学習で毎回の講義内容の理解度について確認する。レポートでは情報倫理に関する問題についての複眼的な思考,論理的な思考の有無について確認する。欠格は適用しないが,試験のみでは合格できないので注意すること。
経済,情報社会と倫理,試験60%,平常点40%（準備学習20%,レポート20%）で評価する。e-learningによる準備学習・事後学習で毎回の講義内容の理解度について確認する。レポートでは情報倫理に関する問題についての複眼的な思考,論理的な思考の有無について確認する。欠格は適用しないが,試験のみでは合格できないので注意すること。
経済,キャリア形成論,１．授業態度・参加度(評価割合40％）　毎回記入する「ポートフォリオ（授業の振り返りの記録）」を元に評価
２．課題レポート(評価割合60％）　指定した課題6種類（10点満点×6回）のワークシートの評価
ただし、この授業は「休まない」ことが大前提です。授業の1/3を超える欠席があった場合は成績評価を行いません。
経済,キャリア形成論,１．授業態度・参加度(評価割合40％）　毎回記入する「ポートフォリオ（授業の振り返りの記録）」を元に評価
２．課題レポート(評価割合60％）　指定した課題6種類（10点満点×6回）のワークシートの評価
ただし、この授業は「休まない」ことが大前提です。授業の1/3を超える欠席があった場合は成績評価を行いません。
経済,教養演習１（日本語表現）,おもに平常点による。平常点とは、提出物と三回の小テストである。平常点で90％。試験は小論文で、10％。全授業出席が当然だから、出席数は平常点に加えない。ただし、無断欠席は厳しく減点する。欠席する場合は、事前に（不可能な時は翌週に）自筆の欠席届を提出すること。遅刻・途中退室した者は｢欠席｣とするので、必ず口頭で申し出ること。なお、六回以上の欠席（公欠・病欠を含む）は、欠格とする。
経済,教養演習１（日本語表現）,おもに平常点による。平常点とは、提出物と三回の小テストである。平常点で90％。試験は小論文で、10％。全授業出席が当然だから、出席数は平常点に加えない。ただし、無断欠席は厳しく減点する。欠席する場合は、事前に（不可能な時は翌週に）自筆の欠席届を提出すること。遅刻・途中退室した者は｢欠席｣とするので、必ず口頭で申し出ること。なお、六回以上の欠席（公欠・病欠を含む）は、欠格とする。
経済,健康・スポーツ科学１（火１）,授業への取り組み（平常点・態度・技能）50％、試験・レポート50％とする。欠格制度を含め詳細は、初回授業時に説明する。けがや病気などのために実技への参加に支障を期たす場合、担当教員に申し出て指示を受けること。
経済,健康・スポーツ科学１（火２）,授業への取り組み（平常点・態度・技能）50％、試験・レポート50％とする。欠格制度を含め詳細は、初回授業時に説明する。けがや病気などのために実技への参加に支障を期たす場合、担当教員に申し出て指示を受けること。
経済,健康・スポーツ科学２（火１）,授業への取り組み(平常点・態度・技能)50％、試験・レポート50％とする。欠格制度を含め詳細は、初回授業時に説明する。けがや病気などのために実技への参加に支障を期たす場合、担当教員に申し出て指示を受けること。
経済,健康・スポーツ科学２（火２）,授業への取り組み(平常点・態度・技能)50％、試験・レポート50％とする。欠格制度を含め詳細は、初回授業時に説明する。けがや病気などのために実技への参加に支障を期たす場合、担当教員に申し出て指示を受けること。
経済,英語１（A）,平常点（クラス参加）30%：積極的な学習態度を評価する。
試験：70%　　3分の1以上欠席した場合は失格とする。
経済,英語１（B）,定期テスト３０％　語彙テスト３０％　授業参加度３０％　課題１０％
経済,英語１（C）,期末試験（５０％）小テスト（２５％）課題（２５％）
経済,英語１（D）,期末試験80％、授業内での課題及び小テスト20％
経済,英語１（E）,定期テスト 30%　授業への出席（参加態度） 10%　多読 30%　語彙テスト 30%
経済,英語１（F）,定期テスト50％、小テスト20%、Book Report12％、授業への取り組み(Role play, Activity, Homework等)18％
経済,英語１（G）,レポート・小テスト等（４０％）：　毎回の講義内容の理解度を確認する。試験（６０％）：講義内容全体についての理解度を確認する。出席は加点要素とはしないが、6回以上欠席した場合は欠格とする。
経済,英語１（H）, 
1. A Revolution in Life Sciences　生命科学のあけぼの				

                                        Jack Meadows                                

					音羽書房鶴見書店				

経済,英語１（I）,平常点（小テスト、課題、中間テスト）50%
定期試験　50%
経済,英語２（A）,平常点（クラス参加）30%：積極的な学習態度を評価する。
試験：70%　　3分の1以上欠席した場合は失格とする。
経済,英語２（B）,定期テスト３０％　語彙テスト３０％　授業参加度３０％　課題１０％
経済,英語２（C）,期末試験（５０％）小テスト（２５％）課題（２５％）
経済,英語２（D）,定期試験80％、授業内の課題および小テスト20％
経済,英語２（E）,定期テスト 30%　授業への出席（参加態度） 10%　多読 30%　語彙テスト 30%
経済,英語２（F）,定期テスト50％、小テスト20％、Book Report 12％、授業への取り組み(Role play, Activity, Homework 等)18％
経済,英語２（G）,レポート・小テスト等（４０％）：　毎回の講義内容の理解度を確認する。試験（６０％）：講義内容全体についての理解度を確認する。出席は加点要素とはしないが、6回以上欠席した場合は欠格とする。
経済,英語２（H）, 
1. A Revolution in Life Sciences 生命科学のあけぼの				

                                        Jack Meadows                                

					音羽書房鶴見書店				

経済,英語２（I）,平常点（小テスト、課題、実力テスト、中間テスト）50%
定期試験　50%
経済,英語３（コミュニケーション）（A）,Three tests: 75%, Homework 25%
経済,英語３（コミュニケーション）（B）,Speaking test: 20% Participation: 15% Report: 25% 
Mini-tests: 20%  End of Semester Test: 20%
経済,英語３（コミュニケーション）（C）,End of Semester Test 20%   Test of Units 1 and 2 20% 　Homework Assignments 20% 　In Class Assignments 20% 　Participation in class 20%
経済,英語３（コミュニケーション）（D）,Attitude and Class Performance 50％  Preparation and homework 25％ and test 25％
経済,英語３（コミュニケーション）（E）,Final  oral test - 25%, final written exam - 25%, mid-semester test - 20%, vocabulary quizzes -10%, classwork and homework - 20%.
経済,英語３（コミュニケーション）（F),Vocabulary 25%  Writing 25% Speaking 25% Exam 25%
経済,英語３（コミュニケーション）（G),Review Quiz 1 25%
Review Quiz 2 30%
Review Quiz 3 30%
Participation 15%
経済,英語３（コミュニケーション）（H),End of Semester Test 20% 　Test of Units 1 and 2 20%  Homework Assignments 20%  In Class Assignments 20% 　Participation in class 20%
経済,英語３（コミュニケーション）（I), 
1. Talk a Lot, Starter Book				

                                        David F. Martin                                

					EFL Press				

経済,英語４（コミュニケーション）（A),Three tests: 90%, Homework 10%
経済,英語４（コミュニケーション）（B),Speaking test:20% Participation:15% Report:25% 
Mini-tests:20% End of Semester Test:20%
経済,英語４（コミュニケーション）（C),End of Semester Test 20% 　Test of Units 5 and 6 20%　 Participation 20%　 Homework assignments 20% 　In-class assignments 20%
経済,英語４（コミュニケーション）（D),Attitude and Class Performance 50％  Preparation and homework 25％ and test 25％
経済,英語４（コミュニケーション）（E),Final  oral test - 25%, final written exam - 25%, mid-semester test - 20%, vocabulary quizzes -10%, classwork and homework - 20%.
経済,英語４（コミュニケーション）（F),Vocabulary 25%  Writing 25% Speaking 25% Exam 25%
経済,英語４（コミュニケーション）（G),Review Quiz 1 25%
Review Quiz 2 30%
Review Quiz 3 30%
Participation 15%
経済,英語４（コミュニケーション）（H),End of Semester Test 20% 　Test of Units 5 and 6 20%　 Participation 20%　 Homework assignments 20% 　In-class assignments 20%
経済,英語４（コミュニケーション）（I), 
1. Talk a Lot, Starter Book				

                                        David F. Martin                                

					EFL Press				

経済,フランス語１,小テスト（20％）：単語と動詞活用
提出物（10%）：練習問題プリント
定期試験（70％）
経済,フランス語１,平常点（積極的な授業参加＋小テスト等）：２５％，　中間テスト：２５％，　定期テスト：５０％
経済,フランス語２,平常点（授業態度、小テスト、提出物、等）：50％　　定期試験：50％
経済,フランス語２,筆記試験の結果による評価（１００％）．　ただし，授業回数の３分の１以上欠席した場合は欠格とします．
経済,フランス語３,小テスト（20％）：単語と動詞活用
提出物（10%）：練習問題プリント
定期試験（70％）
経済,フランス語３,平常点（積極的な授業参加＋小テスト等）：２５％，　中間テスト：２５％，　定期テスト：５０％
経済,フランス語４,平常点（授業態度、小テスト、提出物、等）：50％　　定期試験：50％
経済,フランス語４,筆記試験の結果による評価（１００％）．　ただし，授業回数の３分の１以上欠席した場合は欠格とします．
経済,ドイツ語１,定期試験７割、 課題の発表等の平常点３割。 授業時は辞書必携のこと
経済,ドイツ語１,定期試験７割、 課題の発表等の平常点３割。 授業時は辞書必携のこと
経済,ドイツ語２,小テスト３０％、日常の練習状況２０％、定期試験５０％で評価します。
経済,ドイツ語２,小テスト３０％、日常の練習状況２０％、定期試験５０％で評価します。
経済,ドイツ語３,定期試験７割、 課題の発表等の平常点３割。 授業時は辞書必携のこと
経済,ドイツ語３,定期試験７割、 課題の発表等の平常点３割。 授業時は辞書必携のこと
経済,ドイツ語４,小テスト３０％、日常の練習状況２０％、定期試験５０％で評価します。
経済,ドイツ語４,小テスト３０％、日常の練習状況２０％、定期試験５０％で評価します。
経済,中国語１,定期試験50％、平常点（授業に対する積極性、小テスト等）50％で評価する。
経済,中国語１,試験６０％、平常点４０％（復習小テスト３０％、提出物・授業態度１０％）
経済,中国語１,５回の小テストの累積点数（７０％）と、練習問題への取り組みおよびその結果に対する評価・授業態度・発言頻度・質問頻度の総合的な評価（３０％）の合計で評価する。なお、小テストを欠席した場合はその事情に応じて補点する。補点の詳細は授業時に説明する。５回の小テスト終了時に合格点数に満たないものには補充試験を実施する。
出席は加点要素としないが、授業回数の３分の２以上の出席に満たない場合は欠格とする。
経済,中国語１,平常点（授業態度）３割、試験７割
経済,中国語２,授業への取り組み姿勢及び毎回の小テスト４０％、定期試験６０％の総合評価です。
経済,中国語２,定期試験７０％、小テスト３０％で評価をします。１１回以上の出席が評価の前提となります。
経済,中国語２,定期試験60％、平常点40％（小テスト20％、授業参加度20％）、欠席回数は6回目より欠格の対象とする。
経済,中国語２,成績評価は定期試験、授業態度などにより総合判定をする。授業回数の三分の一以上を欠席した場合、定期試験の受験資格を認めない。平常点20％、定期試験80％
経済,中国語３,定期試験50％、平常点（授業に対する積極性、小テスト等）50％で評価する。
経済,中国語３,試験６０％、平常点４０％（復習小テスト３０％、提出物・授業態度１０％）
経済,中国語３,５回の小テストの累積点数（７０％）と、練習問題への取り組みおよびその結果に対する評価・授業態度・発言頻度・質問頻度の総合的な評価（３０％）の合計で評価する。なお、小テストを欠席した場合はその事情に応じて補点する。補点の詳細は授業時に説明する。５回の小テスト終了時に合格点数に満たないものには補充試験を実施する。
出席は加点要素としないが、授業回数の３分の２以上の出席に満たない場合は欠格とする。
経済,中国語３,平常点（授業態度）３割、試験７割
経済,中国語４,授業への取り組み姿勢及び毎回の小テスト４０％、定期試験６０％の総合評価です。
経済,中国語４,定期試験７０％、小テスト３０％で評価をします。１１回以上の出席が評価の前提となります。
経済,中国語４,定期試験60％、平常点40％（小テスト20％、授業参加度20％）、欠席回数は6回目より欠格の対象とする。
経済,中国語４,成績評価は試験、授業態度などにより総合判定をする。授業回数の三分の一以上を欠席した場合、欠格とする。平常点20％、試験80％
経済,ハングル１,試験5０％と平常点5０％（小テスト、授業態度、課題）を持って評価します。
経済,ハングル１,試験5０％と平常点5０％（小テスト、授業態度、課題）を持って評価します。
経済,ハングル２,授業参加度30％、小テスト20％、試験50％
経済,ハングル２,授業参加度30％、小テスト20％、試験50％
経済,ハングル３,試験5０％と平常点5０％（小テスト、授業態度、課題）を持って評価します。
経済,ハングル３,試験5０％と平常点5０％（小テスト、授業態度、課題）を持って評価します。
経済,ハングル４,授業参加度30％、小テスト20％、試験50％
経済,ハングル４,授業参加度30％、小テスト20％、試験50％
経済,日本語１,定期試験50％、平常点（小論文20％・研究発表20％・ディスカッション10％）50％の割合で評価する。積極的な発言は加点の、私語や遅刻などは減点の対象とする。また、前期・後期ともに10回以上出席しなければ、定期試験を受験することができない。
経済,日本語１,定期試験50％、平常点（小論文20％・研究発表20％・ディスカッション10％）50％の割合で評価する。積極的な発言は加点の、私語や遅刻などは減点の対象とする。また、前期・後期ともに10回以上出席しなければ、定期試験を受験することができない。
経済,日本語２,試験９０％、小テスト１０％、３分の１以上欠席した場合は欠格とする。
経済,日本語２,試験９０％、小テスト１０％、３分の１以上欠席した場合は欠格とする。
経済,日本語３,定期試験70%、授業参加度30%の割合で評価する。積極的な発言は加点の、私語や遅刻などは減点の対象とする。また、前期・後期ともに10回以上出席しなければ、定期試験を受験することができない。
経済,日本語３,定期試験70%、授業参加度30%の割合で評価する。積極的な発言は加点の、私語や遅刻などは減点の対象とする。また、前期・後期ともに10回以上出席しなければ、定期試験を受験することができない。
経済,日本語４,平常点（授業参加度、提出物等）２０％　　試験５０％　　発表３０％　　
経済,日本語４,平常点（授業参加度、提出物等）２０％　　試験５０％　　発表３０％　　
経済,マクロ経済学入門（２年次以上）,試験１００％、ただし、出席回数が３分の２以下の場合は欠格となります。
経済,マクロ経済学入門（２年次以上）,試験１００％、ただし、出席回数が３分の２以下の場合は欠格となります。
経済,マクロ経済学入門（１年次）,試験１００％、ただし、出席回数が３分の２以下の場合は欠格となります。
経済,マクロ経済学入門（１年次）,試験１００％、ただし、出席回数が３分の２以下の場合は欠格となります。
経済,ミクロ経済学入門（経済学科１年次）,期末試験100％
経済,ミクロ経済学入門,期末の筆記試験の成績が１００％である。なお、授業の中で実施する経済実験での得点により、５から１０点程度を加点することがある。
経済,ミクロ経済学入門,期末の筆記試験の成績が１００％である。なお、授業の中で実施する経済実験での得点により、５から１０点程度を加点することがある。
経済,経済理論入門（経済学科１年次）,定期試験に平常点（授業への参加態度、課題など）を加味して評価する。評価方法の詳細は、最初の講義で説明する。
経済,現代資本主義入門（経済学科１年次）,期末試験（100点満点。持込不可）で評価。事実を踏まえて、論理的に論証できているかどうかを重視して採点します。まじめに勉強しない限り、合格点となる答案は書けません。
経済,経済史総論１,基本的に試験の評価を１００％としますが、授業中に行う小テストなどの結果も考慮して評価します。
経済,経済史総論１,基本的に試験の評価を１００％としますが、授業中に行う小テストなどの結果も考慮して評価します。
経済,経済史総論２,基本的には試験の評価を１００％としますが、授業中に行う小テストなどの結果も考慮して評価します。
経済,経済史総論２,基本的には試験の評価を１００％としますが、授業中に行う小テストなどの結果も考慮して評価します。
経済,基本簿記（経済学科１年次）,試験（６０％）、　小テスト•レポート（４０％）。ただし、出席回数が３分の２以下の場合は欠格とする。
経済,基本簿記（２年次以上）,小テスト（３０％）と定期試験（７０％）で評価する。
経済,基本簿記（２年次以上）,小テスト（３０％）と定期試験（７０％）で評価する。
経済,基本簿記（２年次以上）,小テスト（３０％）と定期試験（７０％）で評価する。
経済,基本簿記（２年次以上）,小テスト（３０％）と定期試験（７０％）で評価する。
経済,経済数学１,受講生の選択により．以下のふたとおりのいずれか一方とする．選択肢は試験の答案用紙に明示してもらうこととする．
  1. 講義中不定期に演習を課し提出してもらう．その内容を３０%，定期試験を７０%として判定する．
  2. 試験のみで１００%として判定する．
経済,経済数学１,受講生の選択により．以下のふたとおりのいずれか一方とする．選択肢は試験の答案用紙に明示してもらうこととする．
  1. 講義中不定期に演習を課し提出してもらう．その内容を３０%，定期試験を７０%として判定する．
  2. 試験のみで１００%として判定する．
経済,経済数学２,受講生の選択により．以下のふたとおりのいずれか一方とする．選択肢は試験の答案用紙に明示してもらうこととする．
  1. 講義中不定期に演習を課し提出してもらう．その内容を３０%，定期試験を７０%として判定する．
  2. 試験のみで１００%として判定する．
経済,経済数学２,受講生の選択により．以下のふたとおりのいずれか一方とする．選択肢は試験の答案用紙に明示してもらうこととする．
  1. 講義中不定期に演習を課し提出してもらう．その内容を３０%，定期試験を７０%として判定する．
  2. 試験のみで１００%として判定する．
経済,統計学１,中間テスト30％＋試験70％で評価した場合と，試験のみ100％に換算して評価した場合のいずれかよい方の成績で評価する．
経済,統計学１,中間テスト30％＋試験70％で評価した場合と，試験のみ100％に換算して評価した場合のいずれかよい方の成績で評価する．
経済,統計学２,中間テスト30％＋試験70％で評価した場合と，試験のみ100％に換算して評価した場合のいずれかよい方の成績で評価する．
経済,統計学２,中間テスト30％＋試験70％で評価した場合と，試験のみ100％に換算して評価した場合のいずれかよい方の成績で評価する．
経済,社会思想史,２回のレポート（１回目：30点、2回目：70点）によって評価する。
経済,社会思想史,２回のレポート（１回目：30点、2回目：70点）によって評価する。
経済,基礎ゼミナール, 
1. 未定。				





経済,基礎ゼミナール, 
1. 未定。				





経済,基礎ゼミナール,授業における平常点（議論への参加や発表）（80％）、レポート（20％）により評価する。
経済,基礎ゼミナール,授業における平常点（議論への参加や発表）（80％）、レポート（20％）により評価する。
経済,基礎ゼミナール,報告40%・平常点60%（授業参加度20%・発言頻度20%・授業態度20%）
経済,基礎ゼミナール,報告40%・平常点60%（授業参加度20%・発言頻度20%・授業態度20%）
経済,基礎ゼミナール,出席態度４０％、報告内容と発言等３０％、レポート提出３０％。
経済,基礎ゼミナール,出席態度４０％、報告内容と発言等３０％、レポート提出３０％。
経済,基礎ゼミナール,報告の内容（25%），論文の内容（25%），課題への取り組み（25%），授業中の発言等（25%）に基づき評価します．
経済,基礎ゼミナール,報告の内容（25%），論文の内容（25%），課題への取り組み（25%），授業中の発言等（25%）に基づき評価します．
経済,基礎ゼミナール,発表、討論などの平常点とゼミレポートによって総合評価をします。その割合は平常点50％・ゼミレポート50％です。
経済,基礎ゼミナール,発表、討論などの平常点とゼミレポートによって総合評価をします。その割合は平常点50％・ゼミレポート50％です。
経済,基礎ゼミナール,１．授業への参加度（６０％）
２．レポート作成（４０％）
経済,基礎ゼミナール,１．授業への参加度（６０％）
２．レポート作成（４０％）
経済,基礎ゼミナール,発表や発言等の授業への貢献やグループ作業の成果（50％），個人レポート（50％）で評価する．
経済,基礎ゼミナール,発表や発言等の授業への貢献やグループ作業の成果（50％），個人レポート（50％）で評価する．
経済,基礎ゼミナール,平常点（テキスト報告，ゼミでの討論）（30％）：積極的な学習態度を評価する。
ミニレポート（30％）：理解度の確認のため，毎回ミニレポートを課す。
学期末レポート（40％）：前期と後期にそれぞれ，まとめのレポートを提出する。
経済,基礎ゼミナール,平常点（テキスト報告，ゼミでの討論）（30％）：積極的な学習態度を評価する。
ミニレポート（30％）：理解度の確認のため，毎回ミニレポートを課す。
学期末レポート（40％）：前期と後期にそれぞれ，まとめのレポートを提出する。
経済,基礎ゼミナール,成績評価は，（1）出席率に関して；出席することが原則である。その事情はゼミのMLサイト上の日誌に記載される。就職活動やクラブ活動など理由は問わず、7割の出席率がない場合は欠格とする。（2）ゼミでの発表（３０％），（3）討論・議論への参加度（３０％），（4）レポート提出（４０％）、それらを総合的に勘案しておこなう。
経済,基礎ゼミナール,成績評価は，（1）出席率に関して；出席することが原則である。その事情はゼミのMLサイト上の日誌に記載される。就職活動やクラブ活動など理由は問わず、7割の出席率がない場合は欠格とする。（2）ゼミでの発表（３０％），（3）討論・議論への参加度（３０％），（4）レポート提出（４０％）、それらを総合的に勘案しておこなう。
経済,基礎ゼミナール,ゼミナールへの参加姿勢（50％）　
報告内容（50％）　
授業回数の11回以上を欠席した場合は欠格とする。
経済,基礎ゼミナール,ゼミナールへの参加姿勢（50％）　
報告内容（50％）　
授業回数の11回以上を欠席した場合は欠格とする。
経済,基礎ゼミナール,平常点（授業態度、ディスカッションへの貢献度）：30％
プレゼンテーション：30％
レポート：40％
経済,基礎ゼミナール,平常点（授業態度、ディスカッションへの貢献度）：30％
プレゼンテーション：30％
レポート：40％
経済,基礎ゼミナール,ゼミへの参加の度合いをみて，評価する。
経済,基礎ゼミナール,ゼミへの参加の度合いをみて，評価する。
経済,基礎ゼミナール,参加への積極性、理解度、考察の深さ
経済,基礎ゼミナール,参加への積極性、理解度、考察の深さ
経済,基礎ゼミナール,授業態度及び報告内容50%、レポート50%
経済,基礎ゼミナール,授業態度及び報告内容50%、レポート50%
経済,社会フィールドワーク１,平常点(積極的な学生を評価する)
グループ作業(20%)
グループプレゼン及び個人報告(40%)
提出物(40%)
経済,社会フィールドワーク１,平常点(積極的な学生を評価する)
グループ作業(20%)
グループプレゼン及び個人報告(40%)
提出物(40%)
経済,社会フィールドワーク１,平常点(積極的な学生を評価する)
グループ作業(20%)
グループプレゼン及び個人報告(40%)
提出物(40%)
経済,社会フィールドワーク１,平常点(積極的な学生を評価する)
グループ作業(20%)
グループプレゼン及び個人報告(40%)
提出物(40%)
経済,社会フィールドワーク１,授業中の平常点（課題の提出，報告，質疑等を含む）50％，レポート50％
経済,社会フィールドワーク１,授業中の平常点（課題の提出，報告，質疑等を含む）50％，レポート50％
経済,社会フィールドワーク１,平常点（小レポート、課題、報告、発言など）70%・報告書30%
経済,社会フィールドワーク１,平常点（小レポート、課題、報告、発言など）70%・報告書30%
経済,社会フィールドワーク１,毎回の授業での討論への参加の仕方とレポート・報告の内容によって評価します。３回の中間報告が１５点ずつ。最終報告が３０点。あとの２５点は討論への参加の様子で判定します。もちろん、毎回出席することが前提です。
経済,社会フィールドワーク１,毎回の授業での討論への参加の仕方とレポート・報告の内容によって評価します。３回の中間報告が１５点ずつ。最終報告が３０点。あとの２５点は討論への参加の様子で判定します。もちろん、毎回出席することが前提です。
経済,社会フィールドワーク１,None
経済,社会フィールドワーク１,None
経済,（特１）グローバル経済を考える,授業貢献度３０％　毎回のレポート課題７０％
経済,（特１）グローバル経済を考える,授業貢献度３０％　毎回のレポート課題７０％
経済,（特１）国際フィールドワーク調査特論１（台湾）,授業参加・貢献度　50%　プレゼンテーション作成・発表　50%
経済,（特１）国際フィールドワーク調査特論１（台湾）,授業参加・貢献度　50%　プレゼンテーション作成・発表　50%
経済,（特２）国際フィールドワーク１（台湾）,授業参加・貢献度　30%　プレゼンテーション作成・発表　30%
現地実習での貢献度　40%
経済,（特２）国際フィールドワーク１（台湾）,授業参加・貢献度　30%　プレゼンテーション作成・発表　30%
現地実習での貢献度　40%
経済,（特２）国際フィールドワーク１（シンガポール）,授業への参加度（40％）と最終提出レポート（60％）で評価する。
経済,（特２）国際フィールドワーク１（シンガポール）,授業への参加度（40％）と最終提出レポート（60％）で評価する。
経済,海外語学実習（単位認定）,研修先発行の修了書を指定期間内に学務センター（経営・経済）窓口に提出することにより、語学研修の成果を単位（2単位）として認定する。（成績証明書にはＮで表示）　
経済,海外語学実習（単位認定）,研修先発行の修了書を指定期間内に学務センター（経営・経済）窓口に提出することにより、語学研修の成果を単位（2単位）として認定する。（成績証明書にはＮで表示）　
経済,経済と社会,期末試験による．
経済,経済と社会,期末試験による．
経済,歴史と文化,平常点（授業態度）15％、試験85％
経済,歴史と文化,平常点（授業態度）15％、試験85％
経済,欧米文化論,定期試験期間に筆記試験を実施する。
経済,欧米文化論,定期試験期間に筆記試験を実施する。
経済,アジア文化論,定期試験１００％。
経済,アジア文化論,定期試験１００％。
経済,人間と社会の演習,ゼミナールでの発表および討論参加によって評価する。
経済,人間と社会の演習,ゼミナールでの発表および討論参加によって評価する。
経済,英語基礎１(リーディング),試験60％、単語テスト20％、平常点（提出物10％、授業参加度10％）で評価する。遅刻は3回で欠席1回と数える。
経済,英語基礎１(リーディング),試験60％、単語テスト20％、平常点（提出物10％、授業参加度10％）で評価する。遅刻は3回で欠席1回と数える。
経済,英語基礎１(コミュニケーション),Three tests: 75%, Homework 25%
経済,英語基礎１(コミュニケーション),Three tests: 75%, Homework 25%
経済,英語基礎２(リーディング),試験60％、単語テスト20％、平常点（提出物10%、授業参加度10％）で評価する。遅刻は3回で欠席1回と数える。
経済,英語基礎２(リーディング),試験60％、単語テスト20％、平常点（提出物10%、授業参加度10％）で評価する。遅刻は3回で欠席1回と数える。
経済,英語基礎２(コミュニケーション),Three tests: 75%, Homework 25%
経済,英語基礎２(コミュニケーション),Three tests: 75%, Homework 25%
経済,英語初級１-１(リーディング),試験60％、単語テスト20％、平常点（提出物10％、授業参加度10％）で評価する。遅刻は3回で欠席1回と数える。
経済,英語初級１-１(リーディング),試験60％、単語テスト20％、平常点（提出物10％、授業参加度10％）で評価する。遅刻は3回で欠席1回と数える。
経済,英語初級１-１(コミュニケーション),Three tests: 75%, Homework 25%
経済,英語初級１-１(コミュニケーション),Three tests: 75%, Homework 25%
経済,英語初級１-２(リーディング),試験60％、単語テスト20％、平常点（提出物10%、授業参加度10％）で評価する。遅刻は3回で欠席1回と数える。
経済,英語初級１-２(リーディング),試験60％、単語テスト20％、平常点（提出物10%、授業参加度10％）で評価する。遅刻は3回で欠席1回と数える。
経済,英語初級１-２(コミュニケーション),Three tests: 90%, Homework 10%
経済,英語初級１-２(コミュニケーション),Three tests: 90%, Homework 10%
経済,英語初級２-１(リーディング),(総合評価)  授業参加状況・小テスト・課題の提出物40%　テスト60％　
経済,英語初級２-１(リーディング),(総合評価)  授業参加状況・小テスト・課題の提出物40%　テスト60％　
経済,英語初級２-１(コミュニケーション),Review Quiz 1 25%  Review Quiz 2 30%  Review Quiz 3 30%  Participation 15%
経済,英語初級２-１(コミュニケーション),Review Quiz 1 25%  Review Quiz 2 30%  Review Quiz 3 30%  Participation 15%
経済,英語初級２-２(リーディング),(総合評価)  授業参加状況・小テスト20％・課題の提出物40%　確認テスト40％　
経済,英語初級２-２(リーディング),(総合評価)  授業参加状況・小テスト20％・課題の提出物40%　確認テスト40％　
経済,英語初級２-２(コミュニケーション),Review Quiz 1 25%  Review Quiz 2 30%  Review Quiz 3 30%  Participation 15%
経済,英語初級２-２(コミュニケーション),Review Quiz 1 25%  Review Quiz 2 30%  Review Quiz 3 30%  Participation 15%
経済,英語中級１(リーディング),定期試験40%、中間試験30%、授業への取り組み20%、小テスト10%
経済,英語中級１(リーディング),定期試験40%、中間試験30%、授業への取り組み20%、小テスト10%
経済,英語中級１(コミュニケーション),Quizes 40% Extensive Reading 30% Final Test 20% Presentation 10%
経済,英語中級１(コミュニケーション),Quizes 40% Extensive Reading 30% Final Test 20% Presentation 10%
経済,英語中級２(リーディング),定期試験40%、中間試験30%、授業への取り組み20%、小テスト10%
経済,英語中級２(リーディング),定期試験40%、中間試験30%、授業への取り組み20%、小テスト10%
経済,英語中級２(コミュニケーション),Quizzes 40%- Extensive Reading Reports 30% - Presentation 20%- Participation 10%
経済,英語中級２(コミュニケーション),Quizzes 40%- Extensive Reading Reports 30% - Presentation 20%- Participation 10%
経済,情報処理入門,毎回の課題７０％、総合課題３０％とする。
経済,情報処理入門,毎回の課題７０％、総合課題３０％とする。
経済,健康・スポーツ科学３（バスケットボール）,平常点:80％（授業参加度:40％、授業態度:40％）、 レポート:20％　を目安とする。
経済,健康・スポーツ科学３（バスケットボール）,平常点:80％（授業参加度:40％、授業態度:40％）、 レポート:20％　を目安とする。
経済,健康・スポーツ科学４（バスケットボール）,平常点:80％（授業参加度:40％、授業態度:40％）、レポート:20％　を目安とする。
経済,健康・スポーツ科学４（バスケットボール）,平常点:80％（授業参加度:40％、授業態度:40％）、レポート:20％　を目安とする。
経済,健康・スポーツ科学５（スキューバ）,ダイビング技能の上達度、および実習に対する取組みなどを総合的に見て評価する。
経済,健康・スポーツ科学５（スキューバ）,ダイビング技能の上達度、および実習に対する取組みなどを総合的に見て評価する。
経済,健康・スポーツ科学５（スキー）,ガイダンス出席10％．実習中の実技50％、宿泊所内での生活全般（平常点）10％実技の記録日誌30％で評価する。
経済,健康・スポーツ科学５（スキー）,ガイダンス出席10％．実習中の実技50％、宿泊所内での生活全般（平常点）10％実技の記録日誌30％で評価する。
経済,健康科学論１,平常点（学習態度・小課題）：30％、レポート：70％を目安とする。 
経済,健康科学論１,平常点（学習態度・小課題）：30％、レポート：70％を目安とする。 
経済,健康・スポーツ科学３（バドミントン）,実技授業に楽しく、まじめに取り組むことが評価となり、技術の良し悪しで評価はしない。
経済,健康・スポーツ科学３（バドミントン）,実技授業に楽しく、まじめに取り組むことが評価となり、技術の良し悪しで評価はしない。
経済,健康・スポーツ科学４（バドミントン）,実技授業に楽しく、まじめに取り組むことが評価となり、技術の良し悪しで評価はしない。
経済,健康・スポーツ科学４（バドミントン）,実技授業に楽しく、まじめに取り組むことが評価となり、技術の良し悪しで評価はしない。
経済,英語５（A）,定期試験80％、授業内での課題及び小テスト20％
経済,英語５（B）,平常点　６０％（ATR CALL BRIX ４０％、課題２０％）
試験　４０％
授業回数の３分の１以上欠席した場合は、欠格とする。
経済,英語５（C）,定期試験80％、授業内での課題及び小テスト20％
経済,英語５（D）,定期テスト 30%　授業参加度 10%　多読 30%　語彙テスト 30%
経済,英語５（E）,定期試験　70％　平常点（参加度・グループワークでの貢献度・単語テストを含む）　30％
経済,英語５（F）,定期試験40%、中間試験30%、授業への取り組み20%、小テスト10%
経済,英語５ (G),中間試験35% 定期試験35% 平常点（授業に対する取り組み方）30%
経済,英語５（H）,(総合評価)  授業参加状況・授業中の発表・提出物40%　テスト60％　
経済,英語５（I）,定期試験　70％　平常点（参加度・グループワークでの貢献度・単語テストを含む）　30％
経済,英語６（A）,定期試験80％、授業内での課題及び小テスト20％
経済,英語６（B）,平常点　６０％（ATR CALL BRIX ４０％、課題２０％）
試験　４０％
授業回数の３分の１以上欠席した場合は、欠格とする。
経済,英語６（C）,定期試験80％、授業内での課題及び小テスト20％
経済,英語６（D）,定期テスト 30%　授業参加度 10%　多読　30%　語彙テスト 30%
経済,英語６（E）,定期試験　70％　平常点（参加度・グループワークでの貢献度・単語テストを含む）　30％
経済,英語６（F）,定期試験40%、中間試験30%、授業への取り組み20%、小テスト10%
経済,英語６ (G),中間試験35% 定期試験35% 平常点（授業に対する取り組み方）30%
経済,英語６（H）,(総合評価)  授業参加状況・授業中の発表４０％・課題の提出物３０%　・確認テスト３０％　
経済,英語６（I）,定期試験　70％　平常点（参加度・グループワークでの貢献度・単語テストを含む）　30％
経済,英語７（A）,Speaking test:20% Participation:15% Report:25% 
Mini-tests:20% End of Semester Test:20%
経済,英語７（B）,Participation 20%, Roleplays 20%,  Homework 20%,  Oral Exams 20%, Paper Exam 20%
経済,英語７（C）, 
1. Talk a Lot, Starter Book				

                                        David F. Martin                                

					EFL Press				

経済,英語７（D）,Review Quiz 1 25%  Review Quiz 2 30%  Review Quiz 3 30%  Participation 15%
経済,英語７（E）,Quizzes 50%- Extensive Reading Reports 20% - Presentation 20%- Participation 10%
経済,英語７（F）,Review Quiz 1 25%
Review Quiz 2 30%
Review Quiz 3 30%
Participation 15%
経済,英語７（G）,Writing Journal 30%, Online Practice 30%, Weekly Quiz 20%, Final Exam 20%
経済,英語７（H）,Assessment for grades    End of Semester test  30 %  Participation in class 20%  Essays 20% Homework 20% In-class assignments 10%
経済,英語７（I）, 
1. Breakthrough Plus 2				

                                        Miles Craven                                

					MACMILLAN				

2. My Weekly Writing Journal 2				

                                        Minehane, Markovitz, Hoare                                



経済,英語８（A）,Speaking test:20% Participation:15% Report:25% 
Mini-tests:20% End of Semester Test:20%
経済,英語８（B）,Participation 20%, Roleplays 20%,  Homework 20%,  Oral Exams 20%, Paper Exam 20%
経済,英語８（C）, 
1. Talk a Lot, Starter Book				

                                        David F. Martin                                

					EFL Press				

経済,英語８（D）,Review Quiz 1 25%  Review Quiz 2 30%  Review Quiz 3 30%  Participation 15%
経済,英語８（E）,Quizzes 50%- Extensive Reading Reports 20% - Presentation 20%- Participation 10%
経済,英語８（F）,Review Quiz 1 25% Review Quiz 2 30% Review Quiz 3 30% Participation 15%
経済,英語８（G）,Writing Journal 30%, Online Practice 30%, Weekly Quiz 20%, Final Exam 20%
経済,英語８（H）,Assessment for grades    Final Test 30%  Participation in class 20% Essays 20% Homework 20%  in-class assignments 10%
経済,英語８（I）, 
1. Breakthrough Plus 2				

                                        Miles Craven                                

					MACMILLAN				

2. My Weekly Writing Journal 2				

                                        Minehane, Markovitz, Hoare                                



経済,専門ゼミナール１, 
1. 未定。				





経済,専門ゼミナール１, 
1. 未定。				





経済,専門ゼミナール１,授業態度及び報告内容50%、レポート50%
経済,専門ゼミナール１,授業態度及び報告内容50%、レポート50%
経済,専門ゼミナール１,授業における平常点（議論への参加、発表、提出物などを総合的に評価）（80％）、地域調査レポート（20％）により評価する。
経済,専門ゼミナール１,授業における平常点（議論への参加、発表、提出物などを総合的に評価）（80％）、地域調査レポート（20％）により評価する。
経済,専門ゼミナール１,授業態度・報告（ゼミへの貢献）：40％　　＊2限目からの出席は欠席扱いとします。
提出物（レジュメ・レポート・宿題）：40％
TOEIC受験：20％　
経済,専門ゼミナール１,授業態度・報告（ゼミへの貢献）：40％　　＊2限目からの出席は欠席扱いとします。
提出物（レジュメ・レポート・宿題）：40％
TOEIC受験：20％　
経済,専門ゼミナール１,平常点　（ゼミ参加、グループ学習、個人研究成果等）20％
プレゼン20％　論文提出　６０％
経済,専門ゼミナール１,平常点　（ゼミ参加、グループ学習、個人研究成果等）20％
プレゼン20％　論文提出　６０％
経済,専門ゼミナール１,報告40%・平常点60%（授業参加度20%・発言頻度20%・授業態度20%）
経済,専門ゼミナール１,報告40%・平常点60%（授業参加度20%・発言頻度20%・授業態度20%）
経済,専門ゼミナール１,出席態度３０％、報告内容と発言等４０％、レポート提出３０％。
経済,専門ゼミナール１,出席態度３０％、報告内容と発言等４０％、レポート提出３０％。
経済,専門ゼミナール１,平常点（課題・宿題の達成状況，報告内容）60％+レポート40％　ただし，課題等が未提出の場合（発表の無断欠席を含む）は，単位を与えない．
経済,専門ゼミナール１,平常点（課題・宿題の達成状況，報告内容）60％+レポート40％　ただし，課題等が未提出の場合（発表の無断欠席を含む）は，単位を与えない．
経済,専門ゼミナール１,報告の内容（50%）および授業中の発言等（50%）に基づき評価します．
経済,専門ゼミナール１,報告の内容（50%）および授業中の発言等（50%）に基づき評価します．
経済,専門ゼミナール１,発表、討論などの平常点とゼミレポートによって総合評価する。その割合は平常点50％・ゼミレポート50％とする。
経済,専門ゼミナール１,発表、討論などの平常点とゼミレポートによって総合評価する。その割合は平常点50％・ゼミレポート50％とする。
経済,専門ゼミナール１,ゼミナールへの参加の態度　80％、リポートの出来（上積み）20％
経済,専門ゼミナール１,ゼミナールへの参加の態度　80％、リポートの出来（上積み）20％
経済,専門ゼミナール１,クラス参加やグループ作業の成果など（30％），グループレポート発表（30％），個人レポート提出（40％）で評価する．
経済,専門ゼミナール１,クラス参加やグループ作業の成果など（30％），グループレポート発表（30％），個人レポート提出（40％）で評価する．
経済,専門ゼミナール１,授業態度：４０％　発表：３０％　レポート：３０％
経済,専門ゼミナール１,授業態度：４０％　発表：３０％　レポート：３０％
経済,専門ゼミナール１,ゼミでの報告および討論への参加態度（40％）
前期グループ研究（30％）
後期ゼミナールレポート（30％）
経済,専門ゼミナール１,ゼミでの報告および討論への参加態度（40％）
前期グループ研究（30％）
後期ゼミナールレポート（30％）
経済,専門ゼミナール１,単位レポート：５０％。ゼミナールでの発言：３０％。ゼミナールの企画・運営への参加：２０％。
経済,専門ゼミナール１,単位レポート：５０％。ゼミナールでの発言：３０％。ゼミナールの企画・運営への参加：２０％。
経済,専門ゼミナール１,授業参加度 50％、報告の内容 25％、自由研究 25％で評価する。
経済,専門ゼミナール１,授業参加度 50％、報告の内容 25％、自由研究 25％で評価する。
経済,専門ゼミナール１,成績評価は，（1）出席率に関して；出席することが原則である。その事情はゼミのMLサイト上の日誌に記載される。就職活動やクラブ活動など理由は問わず、7割の出席率がない場合は欠格とする。（2）ゼミでの発表(30%)，（3）討論・議論への参加度(30%)，（4）レポート提出(40%)、それらを総合的に勘案しておこなう。
経済,専門ゼミナール１,成績評価は，（1）出席率に関して；出席することが原則である。その事情はゼミのMLサイト上の日誌に記載される。就職活動やクラブ活動など理由は問わず、7割の出席率がない場合は欠格とする。（2）ゼミでの発表(30%)，（3）討論・議論への参加度(30%)，（4）レポート提出(40%)、それらを総合的に勘案しておこなう。
経済,専門ゼミナール１,提出される論文。ゼミナールのディスカッションへの参加度合い
経済,専門ゼミナール１,提出される論文。ゼミナールのディスカッションへの参加度合い
経済,専門ゼミナール１,輪読ならびにグループ作業・討議への参加度: 20%
研究報告会プレゼンテーション(担当部分): 40%
レポート(各自作成・提出): 40%
＊なお、授業回数の3分の2以上の出席に満たない場合は「欠格」とする。
経済,専門ゼミナール１,輪読ならびにグループ作業・討議への参加度: 20%
研究報告会プレゼンテーション(担当部分): 40%
レポート(各自作成・提出): 40%
＊なお、授業回数の3分の2以上の出席に満たない場合は「欠格」とする。
経済,専門ゼミナール１,ゼミナールへの参加姿勢（50％）　
報告内容（50％）　
授業回数の11回以上を欠席した場合は欠格とする。
経済,専門ゼミナール１,ゼミナールへの参加姿勢（50％）　
報告内容（50％）　
授業回数の11回以上を欠席した場合は欠格とする。
経済,専門ゼミナール１, 
1. 開講時に指示する。				





経済,専門ゼミナール１, 
1. 開講時に指示する。				





経済,専門ゼミナール１,平常点（授業態度、ディスカッションへの貢献度）：30％
プレゼンテーション：30％
レポート：40％
経済,専門ゼミナール１,平常点（授業態度、ディスカッションへの貢献度）：30％
プレゼンテーション：30％
レポート：40％
経済,専門ゼミナール１,平常点（課題の報告内容と討論での発言頻度による、最高２０点）
レポート点（最高８０点）
平常点、レポート点のいずれかが０点の場合、単位が認められないことがある。
経済,専門ゼミナール１,平常点（課題の報告内容と討論での発言頻度による、最高２０点）
レポート点（最高８０点）
平常点、レポート点のいずれかが０点の場合、単位が認められないことがある。
経済,専門ゼミナール１,平常点　ゼミでどれだけの発表ができるか、およびゼミでの議論への参加
経済,専門ゼミナール１,平常点　ゼミでどれだけの発表ができるか、およびゼミでの議論への参加
経済,専門ゼミナール１,積極性（発言、ゼミ運営等）、理解度、考察の深さによる総合的な評価
経済,専門ゼミナール１,積極性（発言、ゼミ運営等）、理解度、考察の深さによる総合的な評価
経済,専門ゼミナール１,平常点（発表・討論）50％、レポート50％。毎回出席が評価の前提。
経済,専門ゼミナール１,平常点（発表・討論）50％、レポート50％。毎回出席が評価の前提。
経済,専門ゼミナール１,演習への積極的参加（課題の提出，報告，質疑等）50％，レポート50％
経済,専門ゼミナール１,演習への積極的参加（課題の提出，報告，質疑等）50％，レポート50％
経済,外国書講読ゼミナール１,輪読時の報告、討議への参加度: 70%
グループ・ワークへの参加度: 10%
プレゼンテーション、レポート: 20%
＊なお、授業回数の3分の2以上の出席に満たない場合は「欠格」とする。
経済,外国書講読ゼミナール１,輪読時の報告、討議への参加度: 70%
グループ・ワークへの参加度: 10%
プレゼンテーション、レポート: 20%
＊なお、授業回数の3分の2以上の出席に満たない場合は「欠格」とする。
経済,外国書講読ゼミナール１,出席率75％以上を確保すること。そのうえで、授業への参加の態度（50％）と試験の成績（50％）を評価基準とする。
経済,外国書講読ゼミナール１,出席率75％以上を確保すること。そのうえで、授業への参加の態度（50％）と試験の成績（50％）を評価基準とする。
経済,外国書講読ゼミナール２,輪読時の報告、討議への参加度: 70%
グループ・ワークへの参加度: 10%
プレゼンテーション、プロポーザル: 20%
＊なお、授業回数の3分の2以上の出席に満たない場合は「欠格」とする。
経済,外国書講読ゼミナール２,輪読時の報告、討議への参加度: 70%
グループ・ワークへの参加度: 10%
プレゼンテーション、プロポーザル: 20%
＊なお、授業回数の3分の2以上の出席に満たない場合は「欠格」とする。
経済,外国書講読ゼミナール２,出席率75％以上を確保すること。そのうえで、授業への参加の態度（50％）と試験の成績（50％）を評価基準とする。
経済,外国書講読ゼミナール２,出席率75％以上を確保すること。そのうえで、授業への参加の態度（50％）と試験の成績（50％）を評価基準とする。
経済,外国書講読ゼミナール１,毎回の暗唱文チェック100％。
経済,外国書講読ゼミナール１,毎回の暗唱文チェック100％。
経済,外国書講読ゼミナール２,毎回の暗唱文チェック100％。
経済,外国書講読ゼミナール２,毎回の暗唱文チェック100％。
経済,経済データ分析１,平常点（授業中の課題実施状況，宿題他）20％＋レポート40％＋試験40％ （ただし，レポートが未提出の場合は，単位を与えない）．出席は加点要素とはしないが，６回以上欠席した場合は欠格とする（遅刻は出席と認めない）．
経済,経済データ分析１,平常点（授業中の課題実施状況，宿題他）20％＋レポート40％＋試験40％ （ただし，レポートが未提出の場合は，単位を与えない）．出席は加点要素とはしないが，６回以上欠席した場合は欠格とする（遅刻は出席と認めない）．
経済,経済データ分析１,平常点（授業中の課題実施状況，宿題他）20％＋レポート40％＋試験40％ （ただし，レポートが未提出の場合は，単位を与えない）．出席は加点要素とはしないが，６回以上欠席した場合は欠格とする（遅刻は出席と認めない）．
経済,経済データ分析１,平常点（授業中の課題実施状況，宿題他）20％＋レポート40％＋試験40％ （ただし，レポートが未提出の場合は，単位を与えない）．出席は加点要素とはしないが，６回以上欠席した場合は欠格とする（遅刻は出席と認めない）．
経済,経済データ分析２,平常点（授業中の課題実施状況，宿題）20％＋レポート50％＋試験30％（ただし，レポートが１回でも未提出の場合は，単位を与えない）．出席は加点要素とはしないが，６回以上欠席した場合は欠格とする（遅刻は出席と認めない）．
経済,経済データ分析２,平常点（授業中の課題実施状況，宿題）20％＋レポート50％＋試験30％（ただし，レポートが１回でも未提出の場合は，単位を与えない）．出席は加点要素とはしないが，６回以上欠席した場合は欠格とする（遅刻は出席と認めない）．
経済,経済データ分析２,平常点（授業中の課題実施状況，宿題）20％＋レポート50％＋試験30％（ただし，レポートが１回でも未提出の場合は，単位を与えない）．出席は加点要素とはしないが，６回以上欠席した場合は欠格とする（遅刻は出席と認めない）．
経済,経済データ分析２,平常点（授業中の課題実施状況，宿題）20％＋レポート50％＋試験30％（ただし，レポートが１回でも未提出の場合は，単位を与えない）．出席は加点要素とはしないが，６回以上欠席した場合は欠格とする（遅刻は出席と認めない）．
経済,経済データ分析１（前期集中）,平常点（授業中の課題実施状況，宿題他）20％＋レポート40％＋試験40％ （ただし，レポートが未提出の場合は，単位を与えない）．出席は加点要素とはしないが，６回以上欠席した場合は欠格とする（遅刻は出席と認めない）．
経済,経済データ分析１（前期集中）,平常点（授業中の課題実施状況，宿題他）20％＋レポート40％＋試験40％ （ただし，レポートが未提出の場合は，単位を与えない）．出席は加点要素とはしないが，６回以上欠席した場合は欠格とする（遅刻は出席と認めない）．
経済,経営データ分析１,科目の性格上、毎回出席できることが受講の最低限の条件である。
経済,経営データ分析１,科目の性格上、毎回出席できることが受講の最低限の条件である。
経済,経営データ分析２,小テストまたはレポート(30%)
期末筆記試験(70%)
経済,経営データ分析２,小テストまたはレポート(30%)
期末筆記試験(70%)
経済,ビジネス英語１,将来英語を使って仕事ができるよう、その基礎となる能力を身につけて欲しい。
経済,ビジネス英語１,将来英語を使って仕事ができるよう、その基礎となる能力を身につけて欲しい。
経済,ビジネス英語１,将来英語を使って仕事ができるよう、その基礎となる能力を身につけて欲しい。
経済,ビジネス英語１,将来英語を使って仕事ができるよう、その基礎となる能力を身につけて欲しい。
経済,ビジネス英語２,将来英語を使って仕事ができるよう、その基礎となる能力を身につけて欲しい。
経済,ビジネス英語２,将来英語を使って仕事ができるよう、その基礎となる能力を身につけて欲しい。
経済,ビジネス英語２,将来英語を使って仕事ができるよう、その基礎となる能力を身につけて欲しい。
経済,ビジネス英語２,将来英語を使って仕事ができるよう、その基礎となる能力を身につけて欲しい。
経済,(特１)起業講座１,毎回の事前調査（準備）および感想等のレポートなどから総合評価する。定期試験は（現段階では）予定していない。なお、授業回数の３分の１以上を欠席した場合は欠格とする。
経済,(特１)起業講座１,毎回の事前調査（準備）および感想等のレポートなどから総合評価する。定期試験は（現段階では）予定していない。なお、授業回数の３分の１以上を欠席した場合は欠格とする。
経済,（特２）地域データ分析,授業における取り組みおよび提出物（70％）とレポート（ポスターの場合もある）（30％）で評価する。
経済,（特２）地域データ分析,授業における取り組みおよび提出物（70％）とレポート（ポスターの場合もある）（30％）で評価する。
経済,インターンシップ（単位認定）,　受入先からの評価報告書等によるインターンシップの実施状況、事前・事後研修会への参加態度などで評価する。（単位認定）
経済,インターンシップ（単位認定）,　受入先からの評価報告書等によるインターンシップの実施状況、事前・事後研修会への参加態度などで評価する。（単位認定）
経済,マクロ経済学１,試験100％　出席が不可欠なのはもちろんのこと
経済,マクロ経済学１,試験100％　出席が不可欠なのはもちろんのこと
経済,マクロ経済学２,試験100％　出席は不可欠
経済,マクロ経済学２,試験100％　出席は不可欠
経済,ミクロ経済学１,期末試験による．
経済,ミクロ経済学１,期末試験による．
経済,ミクロ経済学２,期末試験による．
経済,ミクロ経済学２,期末試験による．
経済,情報の経済学１,試験１００％、ただし、出席回数が３分の２以下の場合は欠格となります。
経済,情報の経済学１,試験１００％、ただし、出席回数が３分の２以下の場合は欠格となります。
経済,情報の経済学２,試験１００％、ただし、出席回数が３分の２以下の場合は欠格となります。
経済,情報の経済学２,試験１００％、ただし、出席回数が３分の２以下の場合は欠格となります。
経済,経済思想史,2回のレポート（1回目：30点、2回目：70点）によって評価する。
経済,経済思想史,2回のレポート（1回目：30点、2回目：70点）によって評価する。
経済,経済理論１,定期試験で行う（１００％）。用語、用語説明、論述を出題し、授業の理解度と考察の深さを評価する。
経済,経済理論１,定期試験で行う（１００％）。用語、用語説明、論述を出題し、授業の理解度と考察の深さを評価する。
経済,経済理論２,１００％定期試験で評価する。評価基準は授業の理解度、考察の深さ。
経済,経済理論２,１００％定期試験で評価する。評価基準は授業の理解度、考察の深さ。
経済,計量経済学１,課題（40％）：理解度の確認のため，授業期間中に数回，課題（ミニレポート）を課す。
試験（60％）：計算問題と論述問題。
経済,計量経済学１,課題（40％）：理解度の確認のため，授業期間中に数回，課題（ミニレポート）を課す。
試験（60％）：計算問題と論述問題。
経済,計量経済学２,課題（40％）：理解度の確認のため，授業期間中に数回，課題（ミニレポート）を課す。
試験（60％）：計算問題と論述問題。
経済,計量経済学２,課題（40％）：理解度の確認のため，授業期間中に数回，課題（ミニレポート）を課す。
試験（60％）：計算問題と論述問題。
経済,（特１）近代経済学史,試験　１００％　出席不可欠
経済,（特１）近代経済学史,試験　１００％　出席不可欠
経済,（特１）数理経済学,期末試験による．
経済,（特１）数理経済学,期末試験による．
経済,日本経済史１,小レポート45%（15点満点×3回）・期末試験55%
経済,日本経済史１,小レポート45%（15点満点×3回）・期末試験55%
経済,日本経済史２,小レポート45%（15点満点×3回）・期末試験55%
経済,日本経済史２,小レポート45%（15点満点×3回）・期末試験55%
経済,西洋経済史１,内容的には経済史総論１と重複するところもあるが、西ヨーロッパに焦点を当て、より詳細にその経済発展を概観する。現代経済が歴史と無縁でなくその発展の上に成立している点を良く理解して欲しい。
経済,西洋経済史１,内容的には経済史総論１と重複するところもあるが、西ヨーロッパに焦点を当て、より詳細にその経済発展を概観する。現代経済が歴史と無縁でなくその発展の上に成立している点を良く理解して欲しい。
経済,西洋経済史２,西洋経済史１に引き続き、この講義においては、19世紀中期以降第二次世界大戦後のヨーロッパやアメリカ合衆国の経済を中心に概観する。相互影響し合いながら急速に変容を遂げていくヨーロッパやアメリカ合衆国の経済を是非理解してもらいたい。
経済,西洋経済史２,西洋経済史１に引き続き、この講義においては、19世紀中期以降第二次世界大戦後のヨーロッパやアメリカ合衆国の経済を中心に概観する。相互影響し合いながら急速に変容を遂げていくヨーロッパやアメリカ合衆国の経済を是非理解してもらいたい。
経済,イギリス近代思潮,上記の授業計画はおおよその目安であり、受講生の興味や理解度によって多少内容が変わることがあります。
経済,イギリス近代思潮,上記の授業計画はおおよその目安であり、受講生の興味や理解度によって多少内容が変わることがあります。
経済,経済政策論１,テスト100％
経済,経済政策論１,テスト100％
経済,経済政策論２,テスト100％
経済,経済政策論２,テスト100％
経済,労働経済論１,出題および採点も本講義の内容に係わる重要な一部で、授業中にテーマとして説明。ここではその摘要。
（1）学生の発表（３０％）学期末のレポート（５０％）、反転授業への予習（２０％）、その内容で評価。
（2）出席率に関して；出席することが原則である。就職活動やクラブ活動など理由は問わず、7割の出席率（出席点呼）がない場合は欠格とする。
経済,労働経済論１,出題および採点も本講義の内容に係わる重要な一部で、授業中にテーマとして説明。ここではその摘要。
（1）学生の発表（３０％）学期末のレポート（５０％）、反転授業への予習（２０％）、その内容で評価。
（2）出席率に関して；出席することが原則である。就職活動やクラブ活動など理由は問わず、7割の出席率（出席点呼）がない場合は欠格とする。
経済,労働経済論２,出題および採点も本講義の内容に係わる重要な一部で、授業中にテーマとして説明。ここではその摘要。
（1）学生の発表（３０％）学期末のレポート（５０％）、反転授業への予習（２０％）その内容で評価。
（2）出席率に関して；出席することが原則である。実際上では、就職活動やクラブ活動など理由は問わず、7割の出席率（カードリーダーおよび出席点呼）がない場合は欠格とする。
経済,労働経済論２,出題および採点も本講義の内容に係わる重要な一部で、授業中にテーマとして説明。ここではその摘要。
（1）学生の発表（３０％）学期末のレポート（５０％）、反転授業への予習（２０％）その内容で評価。
（2）出席率に関して；出席することが原則である。実際上では、就職活動やクラブ活動など理由は問わず、7割の出席率（カードリーダーおよび出席点呼）がない場合は欠格とする。
経済,財政学１,テスト100％
経済,財政学１,テスト100％
経済,財政学２,テスト100％
経済,財政学２,テスト100％
経済,商法入門１,(平常点(ex. レポート/小テスト)を定期試験の点数に【加点】する場合もあるが)
原則として、定期試験のみの成績による。
経済,商法入門１,(平常点(ex. レポート/小テスト)を定期試験の点数に【加点】する場合もあるが)
原則として、定期試験のみの成績による。
経済,商法入門２,(平常点(ex. レポート/小テスト)を定期試験の点数に【加点】する場合もあるが)
原則として、定期試験のみの成績による。
経済,商法入門２,(平常点(ex. レポート/小テスト)を定期試験の点数に【加点】する場合もあるが)
原則として、定期試験のみの成績による。
経済,金融論, 
1. 指定しません。				





経済,金融論, 
1. 指定しません。				





経済,金融政策論,試験100％。
経済,金融政策論,試験100％。
経済,証券市場論１,試験100％。
経済,証券市場論１,試験100％。
経済,証券市場論２,試験100％。
経済,証券市場論２,試験100％。
経済,国際経済論１,試験80%（講義内容の基礎的事項60％，応用問題40％），課題提出（講義内容の理解度確認）20%で行う．出席はカードリーダーでとり，出席が2／3に満たない場合は，欠格とする．遅刻は出席回数に含めない．
経済,国際経済論１,試験80%（講義内容の基礎的事項60％，応用問題40％），課題提出（講義内容の理解度確認）20%で行う．出席はカードリーダーでとり，出席が2／3に満たない場合は，欠格とする．遅刻は出席回数に含めない．
経済,国際経済論２,試験80%（講義内容の基礎的事項60％，応用問題40％），課題提出（講義内容の理解度確認）20%で行う．出席はカードリーダーでとり，出席が2／3に満たない場合は，欠格とする．遅刻は出席回数に含めない．
経済,国際経済論２,試験80%（講義内容の基礎的事項60％，応用問題40％），課題提出（講義内容の理解度確認）20%で行う．出席はカードリーダーでとり，出席が2／3に満たない場合は，欠格とする．遅刻は出席回数に含めない．
経済,開発経済論,レポート（期末、授業内）：３０％　試験：7０％
経済,開発経済論,レポート（期末、授業内）：３０％　試験：7０％
経済,アジア経済論,レポート（期末、授業内）：３０％　試験：7０％
経済,アジア経済論,レポート（期末、授業内）：３０％　試験：7０％
経済,アメリカ経済論,試験（１００％）
経済,アメリカ経済論,試験（１００％）
経済,EU経済論,＊２年次・３年次生
　試験（100％・持ち込み参照一切不可）にて評価。

＊４年次生以上
　試験（70％・持ち込み参照一切不可）に加え、レポート課題（30％）をあわせて総合評価。なお、レポート未提出者は追再試験の受験資格がないので注意すること。テーマについては講義中に連絡するが、掲示板にも載せるので注意すること。
経済,EU経済論,＊２年次・３年次生
　試験（100％・持ち込み参照一切不可）にて評価。

＊４年次生以上
　試験（70％・持ち込み参照一切不可）に加え、レポート課題（30％）をあわせて総合評価。なお、レポート未提出者は追再試験の受験資格がないので注意すること。テーマについては講義中に連絡するが、掲示板にも載せるので注意すること。
経済,中国経済論１,討議への参加: 30%
小論文 試験 (持ち込み一切不可): 70%
＊なお、授業回数の3分の2以上の出席に満たない場合は「欠格」とする。
経済,中国経済論１,討議への参加: 30%
小論文 試験 (持ち込み一切不可): 70%
＊なお、授業回数の3分の2以上の出席に満たない場合は「欠格」とする。
経済,中国経済論２,討議への参加: 30%
小論文 試験 (持ち込み一切不可): 70%
＊なお、授業回数の3分の2以上の出席に満たない場合は「欠格」とする。
経済,中国経済論２,討議への参加: 30%
小論文 試験 (持ち込み一切不可): 70%
＊なお、授業回数の3分の2以上の出席に満たない場合は「欠格」とする。
経済,(特１)野村證券寄附講座,筆記試験
・試験の結果のみで判断致します。
経済,(特１)野村證券寄附講座,筆記試験
・試験の結果のみで判断致します。
経済,(特１)近代古典英書研究,定期試験を行わず、平常試験（小テスト・レポート等）で総合評価します。
経済,(特１)近代古典英書研究,定期試験を行わず、平常試験（小テスト・レポート等）で総合評価します。
経済,英語上級１(リーディング),定期試験40%、中間試験30%、授業への取り組み20%、小テスト10%
経済,英語上級１(リーディング),定期試験40%、中間試験30%、授業への取り組み20%、小テスト10%
経済,英語上級２(リーディング),定期試験40%、中間試験30%、授業への取り組み20%、小テスト10%
経済,英語上級２(リーディング),定期試験40%、中間試験30%、授業への取り組み20%、小テスト10%
経済,英語上級１(コミュニケーション),Quizes 40% Extensive Reading 30% Final Test 20% Presentation 10%
経済,英語上級１(コミュニケーション),Quizes 40% Extensive Reading 30% Final Test 20% Presentation 10%
経済,英語上級２(コミュニケーション),Quizzes 40%- Extensive Reading Reports 30% - Presentation 20%- Participation 10%
経済,英語上級２(コミュニケーション),Quizzes 40%- Extensive Reading Reports 30% - Presentation 20%- Participation 10%
経済,職業指導論,受講態度（３０％）　授業中に指示する課題及び演習（３０％）　定期試験（４０％）
経済,職業指導論,受講態度（３０％）　授業中に指示する課題及び演習（３０％）　定期試験（４０％）
経済,上級英語１,Quizes 40% Extensive Reading 30% Final Test 20% Presentation 10%
経済,上級英語１,Quizes 40% Extensive Reading 30% Final Test 20% Presentation 10%
経済,上級英語２,Quizzes 40%- Extensive Reading Reports 30% - Presentation 20%- Participation 10%
経済,上級英語２,Quizzes 40%- Extensive Reading Reports 30% - Presentation 20%- Participation 10%
経済,専門ゼミナール２, 
1. 未定。				





経済,専門ゼミナール２, 
1. 未定。				





経済,専門ゼミナール２,授業態度及び報告内容50%、レポート50%
経済,専門ゼミナール２,授業態度及び報告内容50%、レポート50%
経済,専門ゼミナール２,授業における平常点（議論への参加、発表、提出物などを総合的に評価）（80％）、地域調査レポート（20％）により評価する。
経済,専門ゼミナール２,授業における平常点（議論への参加、発表、提出物などを総合的に評価）（80％）、地域調査レポート（20％）により評価する。
経済,専門ゼミナール２,授業態度・報告（ゼミへの貢献）：40％　　＊2限目からの出席は欠席扱いとします。
提出物（レジュメ・レポート・宿題）：40％
TOEIC受験：20％　
経済,専門ゼミナール２,授業態度・報告（ゼミへの貢献）：40％　　＊2限目からの出席は欠席扱いとします。
提出物（レジュメ・レポート・宿題）：40％
TOEIC受験：20％　
経済,専門ゼミナール２,平常点　（ゼミ参加、グループ学習、個人研究成果等）20％
プレゼン20％　論文提出　６０％
経済,専門ゼミナール２,平常点　（ゼミ参加、グループ学習、個人研究成果等）20％
プレゼン20％　論文提出　６０％
経済,専門ゼミナール２,報告40%・平常点60%（授業参加度20%・発言頻度20%・授業態度20%）
経済,専門ゼミナール２,報告40%・平常点60%（授業参加度20%・発言頻度20%・授業態度20%）
経済,専門ゼミナール２,出席態度３０％、報告内容と発言等４０％、レポート提出３０％。
経済,専門ゼミナール２,出席態度３０％、報告内容と発言等４０％、レポート提出３０％。
経済,専門ゼミナール２,平常点（課題・宿題の達成状況，報告内容）60％+レポート40％　ただし，課題等が未提出の場合（発表の無断欠席を含む）は，単位を与えない．
経済,専門ゼミナール２,平常点（課題・宿題の達成状況，報告内容）60％+レポート40％　ただし，課題等が未提出の場合（発表の無断欠席を含む）は，単位を与えない．
経済,専門ゼミナール２,報告の内容（50%）および授業中の発言等（50%）に基づき評価します．
経済,専門ゼミナール２,報告の内容（50%）および授業中の発言等（50%）に基づき評価します．
経済,専門ゼミナール２,発表、討論などの平常点とゼミレポートによって総合評価をします。その割合は平常点50%・ゼミレポート50%です。
経済,専門ゼミナール２,発表、討論などの平常点とゼミレポートによって総合評価をします。その割合は平常点50%・ゼミレポート50%です。
経済,専門ゼミナール２,ゼミナールへの参加の態度　80％、リポートの出来（上積み）20％
経済,専門ゼミナール２,ゼミナールへの参加の態度　80％、リポートの出来（上積み）20％
経済,専門ゼミナール２,クラス参加やグループ作業の成果など（30％），グループレポート発表（30％），個人レポート提出（40％）で評価する．
経済,専門ゼミナール２,クラス参加やグループ作業の成果など（30％），グループレポート発表（30％），個人レポート提出（40％）で評価する．
経済,専門ゼミナール２,授業態度：４０％　発表：３０％　レポート：３０％
経済,専門ゼミナール２,授業態度：４０％　発表：３０％　レポート：３０％
経済,専門ゼミナール２,ゼミでの報告および討論への参加態度（40％）
前期グループ研究（30％）
後期ゼミナールレポート（30％）
経済,専門ゼミナール２,ゼミでの報告および討論への参加態度（40％）
前期グループ研究（30％）
後期ゼミナールレポート（30％）
経済,専門ゼミナール２,単位レポート：５０％。ゼミナールでの発言：３０％。ゼミナールの企画・運営への参加：２０％。
経済,専門ゼミナール２,単位レポート：５０％。ゼミナールでの発言：３０％。ゼミナールの企画・運営への参加：２０％。
経済,専門ゼミナール２,授業参加度 50％、報告の内容 25％、自由研究 25％で評価する。
経済,専門ゼミナール２,授業参加度 50％、報告の内容 25％、自由研究 25％で評価する。
経済,専門ゼミナール２,成績評価は，（1）出席率に関して；出席することが原則である。その事情はゼミのMLサイト上の日誌に記載される。就職活動やクラブ活動など理由は問わず、7割の出席率がない場合は欠格とする。（2）ゼミでの発表(30%)，（3）討論・議論への参加度(30%)，（4）レポート提出(40%)、それらを総合的に勘案しておこなう。
経済,専門ゼミナール２,成績評価は，（1）出席率に関して；出席することが原則である。その事情はゼミのMLサイト上の日誌に記載される。就職活動やクラブ活動など理由は問わず、7割の出席率がない場合は欠格とする。（2）ゼミでの発表(30%)，（3）討論・議論への参加度(30%)，（4）レポート提出(40%)、それらを総合的に勘案しておこなう。
経済,専門ゼミナール２,平常点（議論参加具合、課題への取り組み姿勢等）80%、レポート提出20%
経済,専門ゼミナール２,平常点（議論参加具合、課題への取り組み姿勢等）80%、レポート提出20%
経済,専門ゼミナール２,提出される論文の内容による　ゼミの議論の上に立ってどれだけ自分のリサーチ、見解を加えられたかも見ます
経済,専門ゼミナール２,提出される論文の内容による　ゼミの議論の上に立ってどれだけ自分のリサーチ、見解を加えられたかも見ます
経済,専門ゼミナール２,輪読ならびにグループ作業・討議への参加度: 20%
研究報告会プレゼンテーション(担当部分): 40%
レポート(各自作成・提出): 40%
＊なお、授業回数の3分の2以上の出席に満たない場合は「欠格」とする。
経済,専門ゼミナール２,輪読ならびにグループ作業・討議への参加度: 20%
研究報告会プレゼンテーション(担当部分): 40%
レポート(各自作成・提出): 40%
＊なお、授業回数の3分の2以上の出席に満たない場合は「欠格」とする。
経済,専門ゼミナール２,ゼミナールへの参加姿勢（50％）　
報告内容（50％）　
授業回数の11回以上を欠席した場合は欠格とする。
経済,専門ゼミナール２,ゼミナールへの参加姿勢（50％）　
報告内容（50％）　
授業回数の11回以上を欠席した場合は欠格とする。
経済,専門ゼミナール２, 
1. 開講時に指示する。				





経済,専門ゼミナール２, 
1. 開講時に指示する。				





経済,専門ゼミナール２,平常点（授業態度、ディスカッションへの貢献度）：30％
プレゼンテーション：30％
レポート：40％
経済,専門ゼミナール２,平常点（授業態度、ディスカッションへの貢献度）：30％
プレゼンテーション：30％
レポート：40％
経済,専門ゼミナール２,平常点　ゼミでの発表および全体での議論への参加の度合い
経済,専門ゼミナール２,平常点　ゼミでの発表および全体での議論への参加の度合い
経済,専門ゼミナール２,積極性（発言、ゼミ運営等）、理解度、考察の深さによる総合的な評価
経済,専門ゼミナール２,積極性（発言、ゼミ運営等）、理解度、考察の深さによる総合的な評価
経済,専門ゼミナール２,平常点（発表・討論）50％、レポート50％。毎回出席が評価の前提。
経済,専門ゼミナール２,平常点（発表・討論）50％、レポート50％。毎回出席が評価の前提。
経済,専門ゼミナール２,演習への積極的参加（課題の提出，報告，質疑等）50％，レポート50％
経済,専門ゼミナール２,演習への積極的参加（課題の提出，報告，質疑等）50％，レポート50％
経済,ビジネスプラン, 
1. 開講時に指示する。				





経済,ビジネスプラン, 
1. 開講時に指示する。				





経済,(特１)起業講座２,毎回の事前調査（準備）および感想等のレポートなどから総合評価する。定期試験は（現段階では）予定していない。なお、授業回数の３分の１以上を欠席した場合は欠格とする。
経済,(特１)起業講座２,毎回の事前調査（準備）および感想等のレポートなどから総合評価する。定期試験は（現段階では）予定していない。なお、授業回数の３分の１以上を欠席した場合は欠格とする。
経済,現代資本主義論１,定期試験（100％）。試験は用語、用語説明、論述で、授業の理解度と考察の深さで評価する。
経済,現代資本主義論１,定期試験（100％）。試験は用語、用語説明、論述で、授業の理解度と考察の深さで評価する。
経済,現代資本主義論２,定期試験（100％）で評価する。中間レポートの評価基準は課題に答えているか、考察の深さ。期末試験の評価基準は授業の理解度、考察の深さ。
経済,現代資本主義論２,定期試験（100％）で評価する。中間レポートの評価基準は課題に答えているか、考察の深さ。期末試験の評価基準は授業の理解度、考察の深さ。
経済,応用経済理論１,レポートが３０％、定期試験が７０％。
経済,応用経済理論１,レポートが３０％、定期試験が７０％。
経済,応用経済理論２,試験は７０％の評価、レポートは３０％の評価である。
経済,応用経済理論２,試験は７０％の評価、レポートは３０％の評価である。
経済,公共経済学１,期末試験60％+提出物40％
経済,公共経済学１,期末試験60％+提出物40％
経済,公共経済学２,期末試験60％+提出物40％
経済,公共経済学２,期末試験60％+提出物40％
経済,(特１)経済統合論１,試験80%（講義内容の基礎的事項60％，応用問題40％），課題提出（講義内容の理解度確認）20%で行う．出席はカードリーダーでとり，出席が2／3に満たない場合は，欠格とする．遅刻は出席回数に含めない．
経済,(特１)経済統合論１,試験80%（講義内容の基礎的事項60％，応用問題40％），課題提出（講義内容の理解度確認）20%で行う．出席はカードリーダーでとり，出席が2／3に満たない場合は，欠格とする．遅刻は出席回数に含めない．
経済,(特１)経済統合論２,試験80%（講義内容の基礎的事項60％，応用問題40％），課題提出（講義内容の理解度確認）20%で行う．出席はカードリーダーでとり，出席が2／3に満たない場合は，欠格とする．遅刻は出席回数に含めない．
経済,(特１)経済統合論２,試験80%（講義内容の基礎的事項60％，応用問題40％），課題提出（講義内容の理解度確認）20%で行う．出席はカードリーダーでとり，出席が2／3に満たない場合は，欠格とする．遅刻は出席回数に含めない．
経済,地方財政論１,定期試験または講義内試験（最終講義で実施する試験）または課題の提出（最終講義で提出）に平常点（授業への参加態度、講義中に実施する課題など）を加味して評価する。定期試験を実施しない場合は，追・再試験も実施されないので留意すること。いずれによるかは、履修者数等によって決定する。評価方法の詳細は、最初の講義で説明する。
経済,地方財政論１,定期試験または講義内試験（最終講義で実施する試験）または課題の提出（最終講義で提出）に平常点（授業への参加態度、講義中に実施する課題など）を加味して評価する。定期試験を実施しない場合は，追・再試験も実施されないので留意すること。いずれによるかは、履修者数等によって決定する。評価方法の詳細は、最初の講義で説明する。
経済,地方財政論２,定期試験または講義内試験（最終講義で実施する試験）または課題の提出（最終講義で提出）に平常点（授業への参加態度、講義中に実施する課題など）を加味して評価する。定期試験を実施しない場合は，追・再試験も実施されないので留意すること。いずれによるかは、履修者数等によって決定する。評価方法の詳細は、最初の講義で説明する。
経済,地方財政論２,定期試験または講義内試験（最終講義で実施する試験）または課題の提出（最終講義で提出）に平常点（授業への参加態度、講義中に実施する課題など）を加味して評価する。定期試験を実施しない場合は，追・再試験も実施されないので留意すること。いずれによるかは、履修者数等によって決定する。評価方法の詳細は、最初の講義で説明する。
経済,国際金融論, 
1. 指定しません。				





経済,国際金融論, 
1. 指定しません。				





経済,国際通貨論, 
1. 指定しません。				





経済,国際通貨論, 
1. 指定しません。				





経済,(特１)東海東京証券寄附講座,筆記試験。定期試験100％。ただし、講義を５回以上欠席した場合は欠格とする。（就職活動で欠席する場合は、証明書（大学や企業が発行するもの）がある場合のみ出席と認める。）
経済,(特１)東海東京証券寄附講座,筆記試験。定期試験100％。ただし、講義を５回以上欠席した場合は欠格とする。（就職活動で欠席する場合は、証明書（大学や企業が発行するもの）がある場合のみ出席と認める。）
経済,専門ゼミナール３(卒業研究),2017-08-22 10:06:17
経済,専門ゼミナール３(卒業研究),2017-08-22 10:06:17
経済,専門ゼミナール３(卒業研究),授業態度及び報告内容50%、レポート50%
経済,専門ゼミナール３(卒業研究),授業態度及び報告内容50%、レポート50%
経済,専門ゼミナール３(卒業研究),授業における平常点（発表、議論への参加）（70％）、卒業論文（30％）により評価する。
経済,専門ゼミナール３(卒業研究),授業における平常点（発表、議論への参加）（70％）、卒業論文（30％）により評価する。
経済,専門ゼミナール３(卒業研究),授業態度　20%　卒業論文　80%
経済,専門ゼミナール３(卒業研究),授業態度　20%　卒業論文　80%
経済,専門ゼミナール３(卒業研究),平常点（ゼミ参加、グループ学習、個人研究成果等）、プレゼン、卒業論文の提出などで総合的に参加する。
経済,専門ゼミナール３(卒業研究),平常点（ゼミ参加、グループ学習、個人研究成果等）、プレゼン、卒業論文の提出などで総合的に参加する。
経済,専門ゼミナール３(卒業研究), 
1. 特になし				





経済,専門ゼミナール３(卒業研究), 
1. 特になし				





経済,専門ゼミナール３(卒業研究),平常点（発表内容）40％+ゼミナール論文60％
経済,専門ゼミナール３(卒業研究),平常点（発表内容）40％+ゼミナール論文60％
経済,専門ゼミナール３(卒業研究),ゼミレポート（卒論）によって評価する。
経済,専門ゼミナール３(卒業研究),ゼミレポート（卒論）によって評価する。
経済,専門ゼミナール３(卒業研究),リポートの出来　100％
経済,専門ゼミナール３(卒業研究),リポートの出来　100％
経済,専門ゼミナール３(卒業研究),卒業論文100％．
経済,専門ゼミナール３(卒業研究),卒業論文100％．
経済,専門ゼミナール３(卒業研究),ゼミでの学習態度40％　卒業論文60％　
経済,専門ゼミナール３(卒業研究),ゼミでの学習態度40％　卒業論文60％　
経済,専門ゼミナール３(卒業研究),研究報告および討論への参加態度（40％）
卒業論文（60％）
経済,専門ゼミナール３(卒業研究),研究報告および討論への参加態度（40％）
卒業論文（60％）
経済,専門ゼミナール３(卒業研究),卒業論文：７０％。ゼミナールでの発言：３０％。
経済,専門ゼミナール３(卒業研究),卒業論文：７０％。ゼミナールでの発言：３０％。
経済,専門ゼミナール３(卒業研究),授業での研究報告　50％、卒業論文　50％。
経済,専門ゼミナール３(卒業研究),授業での研究報告　50％、卒業論文　50％。
経済,専門ゼミナール３(卒業研究),卒論の評価１００％
経済,専門ゼミナール３(卒業研究),卒論の評価１００％
経済,専門ゼミナール３(卒業研究),報告等平常点60%、卒業レポート40%
経済,専門ゼミナール３(卒業研究),報告等平常点60%、卒業レポート40%
経済,専門ゼミナール３(卒業研究),論文の内容、ディスカッションへの参加
経済,専門ゼミナール３(卒業研究),論文の内容、ディスカッションへの参加
経済,専門ゼミナール３(卒業研究),研究プロジェクトの企画・運営: 20%
経過報告ならびに討議: 20%
卒業研究論文: 60%
経済,専門ゼミナール３(卒業研究),研究プロジェクトの企画・運営: 20%
経過報告ならびに討議: 20%
卒業研究論文: 60%
経済,専門ゼミナール３(卒業研究),ゼミナールへ参加姿勢・研究報告（50％）
卒業論文の水準（50％）
経済,専門ゼミナール３(卒業研究),ゼミナールへ参加姿勢・研究報告（50％）
卒業論文の水準（50％）
経済,専門ゼミナール３(卒業研究), 
1. 開講時に指示する。				





経済,専門ゼミナール３(卒業研究), 
1. 開講時に指示する。				





経済,専門ゼミナール３(卒業研究),論文によって評価します。
経済,専門ゼミナール３(卒業研究),論文によって評価します。
経済,専門ゼミナール３(卒業研究),中間発表：50％：最終発表と論文：50％
経済,専門ゼミナール３(卒業研究),中間発表：50％：最終発表と論文：50％
経済,専門ゼミナール３(卒業研究),卒業論文で評価する。研究態度も加味し総合的に評価する
経済,専門ゼミナール３(卒業研究),卒業論文で評価する。研究態度も加味し総合的に評価する
経済,専門ゼミナール３(卒業研究),演習への積極的参加（課題の提出，報告，質疑等）20％，卒業論文の内容80％
経済,専門ゼミナール３(卒業研究),演習への積極的参加（課題の提出，報告，質疑等）20％，卒業論文の内容80％
経済,専門ゼミナール３(卒業研究),ゼミへの参加の度合い、論文の内容を評価する
経済,専門ゼミナール３(卒業研究),ゼミへの参加の度合い、論文の内容を評価する
経済,専門ゼミナール３(卒業研究),論文の内容で評価する。
経済,専門ゼミナール３(卒業研究),論文の内容で評価する。
経済,(特１)起業講座３,毎回の事前調査（準備）および感想等のレポートなどから総合評価する。定期試験は（現段階では）予定していない。なお、授業回数の３分の１以上を欠席した場合は欠格とする。
経済,(特１)起業講座３,毎回の事前調査（準備）および感想等のレポートなどから総合評価する。定期試験は（現段階では）予定していない。なお、授業回数の３分の１以上を欠席した場合は欠格とする。
経済,健康・スポーツ科学１（火３）,授業への取り組み（平常点・態度・技能）50％、試験・レポート50％とする。欠格制度を含め詳細は、初回授業時に説明する。けがや病気などのために実技への参加に支障を期たす場合、担当教員に申し出て指示を受けること。
経済,健康・スポーツ科学２（火３）,授業への取り組み(平常点・態度・技能)50％、試験・レポート50％とする。欠格制度を含め詳細は、初回授業時に説明する。けがや病気などのために実技への参加に支障を期たす場合、担当教員に申し出て指示を受けること。
経済,英語１（J）,定期試験 50% 　小テスト20%  平常点（授業への参加度など積極性）30%
経済,英語１（K）,平常点（授業に対する取り組み方等)  15%  中間試験  25%  定期試験  30%  課題  30%
経済,英語１（L),平常点　６０％（ATR CALL BRIX ４０％、課題２０％）
試験　４０％
授業回数の３分の１以上欠席した場合は、欠格とする。
経済,英語１（M),授業態度（予習態度・学習意欲の有）３０％　試験７０％に基づき総合評価をします。授業回数の１/3以上欠席は評価対象外とします。
経済,英語１（N),平常点（クラス参加）30%：積極的な学習態度を評価する。
試験：70%　　3分の1以上欠席した場合は失格とする。
経済,英語２（J）,定期試験 50% 　小テスト20%  平常点（授業への参加度など積極性）30%
経済,英語２（K）,平常点（授業に対する取り組み方等)  15%  中間試験  25%  定期試験  30%  課題  30%
経済,英語２（L),平常点　６０％（ATR CALL BRIX ４０％、課題２０％）
試験　４０％
授業回数の３分の１以上欠席した場合は、欠格とする。
経済,英語２（M),授業態度（予習態度・学習意欲の有）３０％　試験７０％に基づき総合評価をします。授業回数の１/3以上欠席は評価対象外とします。
経済,英語２（N),平常点（クラス参加）30%：積極的な学習態度を評価する。
試験：70%　　3分の1以上欠席した場合は失格とする。
経済,英語３（コミュニケーション）（J）,End of Semester Test 20% 　Test of Units 1 and 2 20% 　Homework Assignments 20% 　In Class Assignments 20% 　Participation in class 20%
経済,英語３（コミュニケーション）（K), 
1. Breakthrough Plus 1				

                                        Miles Craven                                

					Macmillan				

2. My Weekly Writing Journal 2				

                                        Gregory Minehane                                



経済,英語３（コミュニケーション）（L),平常点（クラス参加，グループ作業）３０％　授業発表　20％　クイズ（テスト）３０％　宿題／レポート　２０％
経済,英語３（コミュニケーション）（M),Review Quiz 1 25%
Review Quiz 2 30%
Review Quiz 3 30%
Participation 15%
経済,英語３（コミュニケーション）（N), 
1. Out Front				

                                        ISBN: 9784905299417                                

					English Education Press				

経済,英語４（コミュニケーション）（J）,End of Semester Test 20% 　Test of Units 5 and 6 20%　 Participation 20%　 Homework assignments 20% 　In-class assignments 20%
経済,英語４（コミュニケーション）（K), 
1. Breakthrough Plus 1				

                                        Miles Craven                                

					Macmillan				

2. My Weekly Writing Journal 2				

                                        Gregory Minehane                                



経済,英語４（コミュニケーション）（L),平常点（クラス参加，グループ作業）３０％　授業発表　20％　クイズ（テスト）３０％　宿題／レポート　２０％
経済,英語４（コミュニケーション）（M),Review Quiz 1 25% Review Quiz 2 30% Review Quiz 3 30% Participation 15%
経済,英語４（コミュニケーション）（N), 
1. Out Front				

                                        ISBN: 9784905299417                                

					English Education Press				

経済,フランス語１,期末試験(６0%)、課題(４0%)
経済,フランス語２,平常点（積極的な学習態度を評価する）30％　定期試験70％
経済,フランス語３,期末試験(６0%)、課題(４0%)
経済,フランス語４,平常点（積極的な学習態度を評価する）30％　定期試験70％
経済,ドイツ語１,平常点（小テスト、授業参加度）４０％と試験６０％
経済,ドイツ語１,平常点（小テスト、授業参加度）４０％と試験６０％
経済,ドイツ語２,授業参加度を重視。 開講回数6割以上の出席がない場合は定期試験受験の資格はありません。 平常点（授業参加意欲・課題・レポート提出） ：25％　定期試験：75％
経済,ドイツ語２,授業参加度を重視。 開講回数6割以上の出席がない場合は定期試験受験の資格はありません。 平常点（授業参加意欲・課題・レポート提出） ：25％　定期試験：75％
経済,ドイツ語３,平常点（小テスト、授業参加度）４０％と試験６０％
経済,ドイツ語３,平常点（小テスト、授業参加度）４０％と試験６０％
経済,ドイツ語４,授業参加度を重視。 開講回数６割以上の出席がない場合は定期試験受験の権利はありません。
平常点 （授業参加意欲・課題・レポート提出）：25％　定期試験：75％
経済,ドイツ語４,授業参加度を重視。 開講回数６割以上の出席がない場合は定期試験受験の権利はありません。
平常点 （授業参加意欲・課題・レポート提出）：25％　定期試験：75％
経済,中国語１,平常点30%、定期試験70%。ただし欠席が全授業回数の3分の1を超えたときは、欠格となる。平常点は授業態度と宿題をやってきたかどうかで採点する。
経済,中国語１,平常点（20％）、試験（80％）。平常点は授業への参加状況、授業態度で総合的に判断する。出席回数が３分の２に満たない場合は、欠格として定期試験の受験資格を認めない。
経済,中国語２,小テスト・レポート30%、定期試験70％の基準で評価する。なお、授業回数の6回以上を欠席した場合は、定期試験の受験資格を認めない。
経済,中国語２,試験100%。
経済,中国語３,平常点30%、定期試験70%。ただし欠席が全授業回数の3分の1を超えたときは、欠格となる。平常点は授業態度と宿題をやってきたかどうかで採点する。
経済,中国語３,平常点（20％）、試験（80％）。平常点は授業への参加状況、授業態度で総合的に判断する。出席回数が３分の２に満たない場合は、欠格として定期試験の受験資格を認めない。
経済,中国語４,試験100%。
経済,中国語４,小テスト・レポート30%、定期試験70％の基準で評価する。なお、授業回数の6回以上を欠席した場合は、定期試験の受験資格を認めない。
経済,ハングル１,平常点（毎回講義に臨む姿勢、参加度、小テスト）５０％、定期試験の成績５０％
経済,ハングル１,平常点（毎回講義に臨む姿勢、参加度、小テスト）５０％、定期試験の成績５０％
経済,ハングル２,試験50％と平常点（小テスト、授業参加度など）50％
経済,ハングル２,試験50％と平常点（小テスト、授業参加度など）50％
経済,ハングル３,平常点（毎回講義に臨む姿勢、参加度、小テスト）５０％、定期試験の成績５０％
経済,ハングル３,平常点（毎回講義に臨む姿勢、参加度、小テスト）５０％、定期試験の成績５０％
経済,ハングル４,試験50％と平常点（小テスト、授業参加度など）50％
経済,ハングル４,試験50％と平常点（小テスト、授業参加度など）50％
経済,ミクロ経済学入門（産業社会学科１年次・経済学部２年次以上）,期末試験100％
経済,ミクロ経済学入門（産業社会学科１年次・経済学部２年次以上）,期末試験100％
経済,経済理論入門（産業社会学科１年次・経済学部２年次以上）,定期試験に平常点（授業への参加態度、課題など）を加味して評価する。評価方法の詳細は、最初の講義で説明する。
経済,経済理論入門（産業社会学科１年次・経済学部２年次以上）,定期試験に平常点（授業への参加態度、課題など）を加味して評価する。評価方法の詳細は、最初の講義で説明する。
経済,現代資本主義入門（産業社会学科１年次・経済学部２年次以上）,期末試験（100点満点。持込不可）で評価。事実を踏まえて、論理的に論証できているかどうかを重視して採点します。まじめに勉強しない限り、合格点となる答案は書けません。
経済,現代資本主義入門（産業社会学科１年次・経済学部２年次以上）,期末試験（100点満点。持込不可）で評価。事実を踏まえて、論理的に論証できているかどうかを重視して採点します。まじめに勉強しない限り、合格点となる答案は書けません。
経済,基本簿記（産業社会学科１年次）,試験（６０％）、　小テスト•レポート（４０％）。ただし、出席回数が３分の２以下の場合は欠格とする。
経済,(特１)産業社会の経済学入門,毎回授業終了時に提出するレポートで評価する。
経済,環境経済論,小テスト20%、レポート20%、試験60%
経済,環境経済論,小テスト20%、レポート20%、試験60%
経済,英語５（J),中間試験35% 定期試験35% 平常点（授業に対する取り組み方）30%
経済,英語５（K）,定期試験（４０％）、復習テスト（３０％）、課題提出＋平常点（３０％）　
※平常点は授業への参加状況、授業態度、発言頻度、課題への取り組み姿勢などを総合的に評価します。
経済,英語５（L),試験60％、単語テスト20％、平常点（提出物10％、授業参加度10％）で評価する。遅刻は3回で欠席1回と数える。
経済,英語５（M),定期テスト 30%　授業参加度 10%　多読 30%　語彙テスト 30%
経済,英語５（N),中間試験(45%)、定期試験(45%)、平常点(10%)　平常点は授業への参加状況等、総合的に判断する。
経済,英語６（J),中間試験35% 定期試験35% 平常点（授業に対する取り組み方）30%
経済,英語６（K）,定期試験（４０％）、復習テスト（３０％）、課題提出＋平常点（３０％）　
※平常点は授業への参加状況、授業態度、発言頻度、課題への取り組み姿勢などを総合的に評価します。
経済,英語６（L),試験60％、単語テスト20％、平常点（提出物10％、授業参加度10％）で評価する。遅刻は3回で欠席1回と数える。
経済,英語６（M),定期テスト 30%　授業参加度 10%　多読 30%　語彙テスト 30%
経済,英語６（N),中間試験(45%)、定期試験(45%)、平常点(10%)　平常点は授業への参加状況等、総合的に判断する。
経済,英語７（J）,Grades: Three tests 25% each, Homework 15%, Class participation 10%.
経済,英語７（K）,Assessment for grades    End of Semester test  30 %  Participation in class 20%  Essays 20% Homework 20% In-class assignments 10%
経済,英語７（L),Class participation   30%        homework   30%        exam   30%      quizzes   10%
経済,英語７（M), 
1. Talk a Lot, Starter Book				

                                        David F. Martin                                

					EFL Press				

経済,英語７（N),Final  presentation - 25%, final written exam - 25%, mid-semester test - 20%, vocabulary quizzes -10%, classwork and homework - 20%.
経済,英語８（J）,Grades: Three tests 30% each, Homework and class participation 10%.
経済,英語８（K）,Assessment for grades    Final Test 30%  Participation in class 20% Essays 20% Homework 20%  in-class assignments 10%
経済,英語８（L),Class participation   30%        homework   30%        exam   30%      quizzes   10%
経済,英語８（M), 
1. Talk a Lot, Starter Book				

                                        David F. Martin                                

					EFL Press				

経済,英語８（N),Final  presentation - 25%, final written exam - 25%, mid-semester test - 20%, vocabulary quizzes -10%, classwork and homework - 20%.
経済,農業経済論,期末試験(１００％)で評価する。
経済,農業経済論,期末試験(１００％)で評価する。
経済,食料経済論,期末試験（１００％）で評価する。
経済,食料経済論,期末試験（１００％）で評価する。
経済,工業経済論,基本的に期末試験（100点満点。持込不可）で評価。事実を踏まえて、論理的に論証できているかどうかを重視して採点します。まじめに勉強しない限り、合格点となる答案は書けません。
経済,工業経済論,基本的に期末試験（100点満点。持込不可）で評価。事実を踏まえて、論理的に論証できているかどうかを重視して採点します。まじめに勉強しない限り、合格点となる答案は書けません。
経済,産業技術論,期末試験（100点満点。持込不可）で評価。事実を踏まえて、論理的に論証できているかどうかを重視して採点します。まじめに勉強しない限り、合格点となる答案は書けません。
経済,産業技術論,期末試験（100点満点。持込不可）で評価。事実を踏まえて、論理的に論証できているかどうかを重視して採点します。まじめに勉強しない限り、合格点となる答案は書けません。
経済,商業経済論,レポートの提出および定期試験
定期試験の評価割合は７０％、レポートの評価割合は３０％
経済,商業経済論,レポートの提出および定期試験
定期試験の評価割合は７０％、レポートの評価割合は３０％
経済,中小企業論,小テスト、レポート、期末筆記試験などで総合的に判断する。
経済,中小企業論,小テスト、レポート、期末筆記試験などで総合的に判断する。
経済,交通論,中間レポート50％，定期試験50％
経済,交通論,中間レポート50％，定期試験50％
経済,産業集積論,小テスト･レポート、期末筆記試験などで総合的に判断する。
出席は加点要素とはしないが、出席日数が3分の2に満たない場合は欠格とする。
経済,産業集積論,小テスト･レポート、期末筆記試験などで総合的に判断する。
出席は加点要素とはしないが、出席日数が3分の2に満たない場合は欠格とする。
経済,サービス経済論,中間レポート50％，定期試験50％
経済,サービス経済論,中間レポート50％，定期試験50％
経済,物流論,中間レポート50％，定期試験50％
経済,物流論,中間レポート50％，定期試験50％
経済,地域福祉論,講義への参加状況を毎回の小レポート（５０％）で評価し，定期試験（５０％）で講義内容の理解の状況を評価する。
経済,地域福祉論,講義への参加状況を毎回の小レポート（５０％）で評価し，定期試験（５０％）で講義内容の理解の状況を評価する。
経済,地域政策論,小テスト・レポート（３０％）
期末筆記試験（７０％）
出席は加点要素とはしないが、出席日数が3分の2に満たない場合は欠格とする。
経済,地域政策論,小テスト・レポート（３０％）
期末筆記試験（７０％）
出席は加点要素とはしないが、出席日数が3分の2に満たない場合は欠格とする。
経済,地域経済論,定期試験：100%（持ち込み不可）
経済,地域経済論,定期試験：100%（持ち込み不可）
経済,社会保障論,試験（70％）、単元末小テスト（30％）で評価する。なお、単元末小テストは5回以上実施する予定であるが、一度も受けなかった受講生は欠格とする。
経済,社会保障論,試験（70％）、単元末小テスト（30％）で評価する。なお、単元末小テストは5回以上実施する予定であるが、一度も受けなかった受講生は欠格とする。
経済,（特１）障害者と社会,レポートとフィールドワークで評価
経済,（特１）障害者と社会,レポートとフィールドワークで評価
経済,地域環境政策論,小テスト20%、レポート20%、試験60%
経済,地域環境政策論,小テスト20%、レポート20%、試験60%
経済,中小企業政策論,小テスト、レポート、期末筆記試験などで総合的に判断する。
経済,中小企業政策論,小テスト、レポート、期末筆記試験などで総合的に判断する。
経済,経営戦略論, 
1. 開講時に指示する。				





経済,経営戦略論, 
1. 開講時に指示する。				





経済,起業経営論, 
1. 開講時に指示する。				





経済,起業経営論, 
1. 開講時に指示する。				





経済,経済地理学,定期試験：100%（持ち込み不可）
経済,経済地理学,定期試験：100%（持ち込み不可）
経済,環境ビジネス論,小テスト20%、レポート20%、試験60%
経済,環境ビジネス論,小テスト20%、レポート20%、試験60%
経済,公共政策論,定期試験または講義内試験（最終講義で実施する試験）または課題の提出（最終講義で提出）に平常点（授業への参加態度、講義中に実施する課題など）を加味して評価する。定期試験を実施しない場合は，追・再試験も実施されないので留意すること。いずれによるかは、履修者数等によって決定する。評価方法の詳細は、最初の講義で説明する。
経済,公共政策論,定期試験または講義内試験（最終講義で実施する試験）または課題の提出（最終講義で提出）に平常点（授業への参加態度、講義中に実施する課題など）を加味して評価する。定期試験を実施しない場合は，追・再試験も実施されないので留意すること。いずれによるかは、履修者数等によって決定する。評価方法の詳細は、最初の講義で説明する。
経済,教職入門,・授業後の振り返りシート（30％）
・試験（70％）
・出席は加点とはしないが、3分の1以上の欠席で欠格
経済,教職入門,・授業後の振り返りシート（30％）
・試験（70％）
・出席は加点とはしないが、3分の1以上の欠席で欠格
経済,教育原論,定期試験80％、授業内課題20％。教職科目という授業の性質に鑑みて、受講態度によって最大20％の減点をします。また、授業回数の3分の2以上の出席に満たない場合は欠格になります。
経済,教育原論,定期試験80％、授業内課題20％。教職科目という授業の性質に鑑みて、受講態度によって最大20％の減点をします。また、授業回数の3分の2以上の出席に満たない場合は欠格になります。
経済,教育心理学,中間レポート20％、最終試験80％
経済,教育心理学,中間レポート20％、最終試験80％
経済,日本史１（旧カリ）,定期試験７０％、授業中に課した小レポートや宿題３０％で評価する。定期試験は論述形式で行い、理解度・論理性などを判断基準とする。定期試験では授業中に配付する資料と自筆ノートの持ち込みを許可する。
経済,日本史１（旧カリ）,定期試験７０％、授業中に課した小レポートや宿題３０％で評価する。定期試験は論述形式で行い、理解度・論理性などを判断基準とする。定期試験では授業中に配付する資料と自筆ノートの持ち込みを許可する。
経済,外国史（旧カリ）,小テスト二回（30％）、定期試験（70％）。
試験は論述形式で、授業内容の理解度を評価する。
経済,外国史（旧カリ）,小テスト二回（30％）、定期試験（70％）。
試験は論述形式で、授業内容の理解度を評価する。
経済,生涯学習論,定期試験100％
授業を6回以上欠席した場合は欠格とする。
経済,生涯学習論,定期試験100％
授業を6回以上欠席した場合は欠格とする。
経済,教育課程論,平常点（グループ作業・発表の成果）　60％、授業時に指示する提出物　40％
特段の理由なく3回連続無断欠席もしくは全体の3分の1以上欠席した場合は欠格とする。
経済,教育課程論,平常点（グループ作業・発表の成果）　60％、授業時に指示する提出物　40％
特段の理由なく3回連続無断欠席もしくは全体の3分の1以上欠席した場合は欠格とする。
経済,生徒・進路指導論,授業参加度（グループワークとレポート）20％、中間レポート30％、最終レポート50％
経済,生徒・進路指導論,授業参加度（グループワークとレポート）20％、中間レポート30％、最終レポート50％
経済,自然地理学（旧カリ）,定期試験が６０点。抜き打ち小テストが４回×１０点＝４０点。合計１００点満点とする。
経済,自然地理学（旧カリ）,定期試験が６０点。抜き打ち小テストが４回×１０点＝４０点。合計１００点満点とする。
経済,発達心理学,定期試験50％、宿題（小レポート課題）30％、毎回の授業の課題を20％として成績を評価し、好ましくない受講態度は減点の対象とする。
授業回数の3分の１以上を欠席した場合は欠格とする。
経済,発達心理学,定期試験50％、宿題（小レポート課題）30％、毎回の授業の課題を20％として成績を評価し、好ましくない受講態度は減点の対象とする。
授業回数の3分の１以上を欠席した場合は欠格とする。
経済,認知心理学,毎回の授業後に実施する講義内容に関するレポート（100%）により評価する。
経済,認知心理学,毎回の授業後に実施する講義内容に関するレポート（100%）により評価する。
経済,教育法規,定期試験100％
授業を6回以上を欠席した場合は欠格とする。
経済,教育法規,定期試験100％
授業を6回以上を欠席した場合は欠格とする。
経済,社会・地理歴史科教育法,レポート（30%）、指導案作成（50％）、クラスでの発表（20%）：積極的な発表や討論を期待する、なお講義への出席が９回以下の場合は欠格とする。
経済,社会・地理歴史科教育法,レポート（30%）、指導案作成（50％）、クラスでの発表（20%）：積極的な発表や討論を期待する、なお講義への出席が９回以下の場合は欠格とする。
経済,社会・公民科教育法,授業参加度，取り組み（50%）授業中に課せられた課題（30％），テスト（20％）の配分で総合的に評価します。出席を重視します。5回以上欠席した場合は原則として評価の対象としません。
経済,社会・公民科教育法,授業参加度，取り組み（50%）授業中に課せられた課題（30％），テスト（20％）の配分で総合的に評価します。出席を重視します。5回以上欠席した場合は原則として評価の対象としません。
経済,教育方法論,毎回の授業の終わりに小課題に取り組んでもらう。また，授業の後半に，演習的な要素も盛り込む。小課題（２０％）、演習（３０％）、最終課題（５０％）を総合的に評価する。
経済,教育方法論,毎回の授業の終わりに小課題に取り組んでもらう。また，授業の後半に，演習的な要素も盛り込む。小課題（２０％）、演習（３０％）、最終課題（５０％）を総合的に評価する。
経済,学校教育相談,・授業後の振り返りシート（30％）
・試験（70％）
・出席は加点とはしないが、3分の1以上の欠席で欠格
経済,学校教育相談,・授業後の振り返りシート（30％）
・試験（70％）
・出席は加点とはしないが、3分の1以上の欠席で欠格
経済,日本文化史（旧カリ）,平常点(受講態度・課題レポート[60％])と定期試験[40％]の総合評価で行う。授業の進度を鑑み講義時間内で２～３回のレポートを課す。
経済,日本文化史（旧カリ）,平常点(受講態度・課題レポート[60％])と定期試験[40％]の総合評価で行う。授業の進度を鑑み講義時間内で２～３回のレポートを課す。
経済,民俗学（旧カリ）,平常点(受講態度・課題レポート[60％])および定期試験[40％]による総合評価。なお、出席不足者の定期試験受験は認めない。
経済,民俗学（旧カリ）,平常点(受講態度・課題レポート[60％])および定期試験[40％]による総合評価。なお、出席不足者の定期試験受験は認めない。
経済,教育行政論,定期試験100％
授業を6回以上欠席した場合は、欠格とする。
経済,教育行政論,定期試験100％
授業を6回以上欠席した場合は、欠格とする。
経済,道徳教育の指導法,小テスト３０点（道徳教育の歴史、学習指導要領上での位置づけ、道徳性の発達について）、課題レポート７０点（道徳の学習指導案）　
経済,道徳教育の指導法,小テスト３０点（道徳教育の歴史、学習指導要領上での位置づけ、道徳性の発達について）、課題レポート７０点（道徳の学習指導案）　
経済,特別活動の指導法,・　授業後の振り返りシート（３０％）、グループワークの発表等（２０％）、試験（５０％）
・　出席は加点としないが、３分の１以上の欠席で失格
経済,特別活動の指導法,・　授業後の振り返りシート（３０％）、グループワークの発表等（２０％）、試験（５０％）
・　出席は加点としないが、３分の１以上の欠席で失格
経済,教育情報論,毎回演習的な要素も盛り込む。演習への積極的な取り組み（40％）及び毎回の授業の振り返りの小課題（30％）、最終課題（30％）を総合的に評価する。
経済,教育情報論,毎回演習的な要素も盛り込む。演習への積極的な取り組み（40％）及び毎回の授業の振り返りの小課題（30％）、最終課題（30％）を総合的に評価する。
経済,古文書学（旧カリ）,・平常点40％（受講態度及び課題に対する取り組み・小テストの点数により判断する。なお1/3以上の欠席は定期試験の受験を認めない。また、時間内で複数の小テストをおこなう。)
・定期試験60％（くずし字がどれだけ読めるかにかかっている。）
・テスト・定期試験では『くずし字解読辞典』の持ち込みを認める。
経済,古文書学（旧カリ）,・平常点40％（受講態度及び課題に対する取り組み・小テストの点数により判断する。なお1/3以上の欠席は定期試験の受験を認めない。また、時間内で複数の小テストをおこなう。)
・定期試験60％（くずし字がどれだけ読めるかにかかっている。）
・テスト・定期試験では『くずし字解読辞典』の持ち込みを認める。
経済,地理学１（旧カリ）,定期試験が６０点。抜き打ち小テストが４回×１０点＝４０点。合計１００点満点とする。
経済,地理学１（旧カリ）,定期試験が６０点。抜き打ち小テストが４回×１０点＝４０点。合計１００点満点とする。
経済,地誌学（旧カリ）,定期試験が６０点。抜き打ち小テストが４回×１０点＝４０点。合計１００点満点とする。
経済,地誌学（旧カリ）,定期試験が６０点。抜き打ち小テストが４回×１０点＝４０点。合計１００点満点とする。
経済,倫理学１（旧カリ）,定期試験100％
経済,倫理学１（旧カリ）,定期試験100％
経済,商業科教育法,授業態度（３０％）　授業中に指示する課題および演習（３０％）　定期試験（４０％）
経済,商業科教育法,授業態度（３０％）　授業中に指示する課題および演習（３０％）　定期試験（４０％）
経済,社会・地理歴史科指導法,模擬授業５０％、模擬授業の受講態度２０％、学習指導案などの課題やレポート３０％の配分で総合的に評価。
５回以上欠席した場合は原則として評価の対象としません。
経済,社会・地理歴史科指導法,模擬授業５０％、模擬授業の受講態度２０％、学習指導案などの課題やレポート３０％の配分で総合的に評価。
５回以上欠席した場合は原則として評価の対象としません。
経済,社会・公民科指導法,レポート（20%）、指導案作成（30％）、模擬授業（30％）、クラスでの発表（20%）：積極的な発表や討論を期待する。なお講義への出席が９回以下の場合は欠格とする。
経済,社会・公民科指導法,レポート（20%）、指導案作成（30％）、模擬授業（30％）、クラスでの発表（20%）：積極的な発表や討論を期待する。なお講義への出席が９回以下の場合は欠格とする。
経済,商業科指導法,受講態度（３０％）　講義中に指示する課題（３０％）　演習（４０％）　
経済,商業科指導法,受講態度（３０％）　講義中に指示する課題（３０％）　演習（４０％）　
経済,教育実習の研究(事前),・授業後の振り返りシート（20%）
・学習指導案（30%）
・模擬授業（50%）
・出席は加点とはしないが、3分の1以上の欠席で欠格
経済,教育実習の研究(事前),・授業後の振り返りシート（20%）
・学習指導案（30%）
・模擬授業（50%）
・出席は加点とはしないが、3分の1以上の欠席で欠格
経済,教育メディア環境論,毎回演習的な要素を盛り込む。演習への積極的な取り組み（20％）及び毎回の授業の振り返りの小課題（30％），最終課題（50％）を総合的に評価する。
経済,教育メディア環境論,毎回演習的な要素を盛り込む。演習への積極的な取り組み（20％）及び毎回の授業の振り返りの小課題（30％），最終課題（50％）を総合的に評価する。
経済,哲学１,中間テスト50％、定期試験50％
経済,哲学１,中間テスト50％、定期試験50％
経済,教育実習１, 
1. 『教育実習の手引き』　				

                                        名城大学(教職センター)                                



2. 実習教科の学習指導要領解説				

                                        文部科学省                                



経済,教育実習１, 
1. 『教育実習の手引き』　				

                                        名城大学(教職センター)                                



2. 実習教科の学習指導要領解説				

                                        文部科学省                                



経済,教育実習２,教育実習は、大学では学べないことを学ぶことのできる、教育現場での体験活動である。貴重な機会を生かして、多くのことを学び、教員としての力量を高めるとともに、教員になる自覚をさらに高めること。
経済,教育実習２,教育実習は、大学では学べないことを学ぶことのできる、教育現場での体験活動である。貴重な機会を生かして、多くのことを学び、教員としての力量を高めるとともに、教員になる自覚をさらに高めること。
経済,教育実習の研究（事後）,平常点100％　教育実習の研究(事前)と併せて評価する。レポート、口頭試問等。
経済,教育実習の研究（事後）,平常点100％　教育実習の研究(事前)と併せて評価する。レポート、口頭試問等。
経済,教職実践演習(中・高), 
1. 特に指定しない。必要に応じて、プリントを配付する。				





経済,教職実践演習(中・高), 
1. 特に指定しない。必要に応じて、プリントを配付する。				





経済,生涯学習論,定期試験100％
授業を6回以上欠席した場合は欠格とする。
経済,生涯学習論,定期試験100％
授業を6回以上欠席した場合は欠格とする。
経済,博物館教育論,平常点（授業参加度）30％、レポート20％、試験50％
経済,博物館教育論,平常点（授業参加度）30％、レポート20％、試験50％
経済,博物館原論,平常点（基本的に講義ごとにアンケートを実施ー提出率を成績に反映。アンケート回数の１/３以上の未提出は欠格）５０％、レポート１回５０％
経済,博物館原論,平常点（基本的に講義ごとにアンケートを実施ー提出率を成績に反映。アンケート回数の１/３以上の未提出は欠格）５０％、レポート１回５０％
経済,博物館資料保存論,小テスト６０％、随時行う簡単なレポート３０％、参加態度１０％、欠席は減点する。毎回小テストを行う。
経済,博物館資料保存論,小テスト６０％、随時行う簡単なレポート３０％、参加態度１０％、欠席は減点する。毎回小テストを行う。
経済,日本文化の歴史,平常点(受講態度・課題レポート[60％])と定期試験[40％]の総合評価で行う。授業の進度を鑑み講義時間内で２～３回のレポートを課す。
経済,日本文化の歴史,平常点(受講態度・課題レポート[60％])と定期試験[40％]の総合評価で行う。授業の進度を鑑み講義時間内で２～３回のレポートを課す。
経済,民俗学,平常点(受講態度・課題レポート[60％])および定期試験[40％]による総合評価。なお、出席不足者の定期試験受験は認めない。
経済,民俗学,平常点(受講態度・課題レポート[60％])および定期試験[40％]による総合評価。なお、出席不足者の定期試験受験は認めない。
経済,日本文化史（旧カリ）,平常点(受講態度・課題レポート[60％])と定期試験[40％]の総合評価で行う。授業の進度を鑑み講義時間内で２～３回のレポートを課す。
経済,日本文化史（旧カリ）,平常点(受講態度・課題レポート[60％])と定期試験[40％]の総合評価で行う。授業の進度を鑑み講義時間内で２～３回のレポートを課す。
経済,民俗学（旧カリ）,平常点(受講態度・課題レポート[60％])および定期試験[40％]による総合評価。なお、出席不足者の定期試験受験は認めない。
経済,民俗学（旧カリ）,平常点(受講態度・課題レポート[60％])および定期試験[40％]による総合評価。なお、出席不足者の定期試験受験は認めない。
経済,博物館経営論,平常点（受講態度・積極性）30％　レポート1回提出30％　　試験40％　ただし、授業回数の3/1を超えて欠席した場合は失格とする。
経済,博物館経営論,平常点（受講態度・積極性）30％　レポート1回提出30％　　試験40％　ただし、授業回数の3/1を超えて欠席した場合は失格とする。
経済,博物館展示論,事前課題の提出50％　　　授業内レポート・小テスト30%　　参加態度20%　　欠席は減点する。
経済,博物館展示論,事前課題の提出50％　　　授業内レポート・小テスト30%　　参加態度20%　　欠席は減点する。
経済,古文書学,・平常点40％（受講態度及び課題に対する取り組み・小テストの点数により判断する。なお1/3以上の欠席は定期試験の受験を認めない。また、時間内で複数の小テストをおこなう。)
・定期試験60％（くずし字がどれだけ読めるかにかかっている。）
・テスト・定期試験では『くずし字解読辞典』の持ち込みを認める。
経済,古文書学,・平常点40％（受講態度及び課題に対する取り組み・小テストの点数により判断する。なお1/3以上の欠席は定期試験の受験を認めない。また、時間内で複数の小テストをおこなう。)
・定期試験60％（くずし字がどれだけ読めるかにかかっている。）
・テスト・定期試験では『くずし字解読辞典』の持ち込みを認める。
経済,古文書学（旧カリ）,・平常点40％（受講態度及び課題に対する取り組み・小テストの点数により判断する。なお1/3以上の欠席は定期試験の受験を認めない。また、時間内で複数の小テストをおこなう。)
・定期試験60％（くずし字がどれだけ読めるかにかかっている。）
・テスト・定期試験では『くずし字解読辞典』の持ち込みを認める。
経済,古文書学（旧カリ）,・平常点40％（受講態度及び課題に対する取り組み・小テストの点数により判断する。なお1/3以上の欠席は定期試験の受験を認めない。また、時間内で複数の小テストをおこなう。)
・定期試験60％（くずし字がどれだけ読めるかにかかっている。）
・テスト・定期試験では『くずし字解読辞典』の持ち込みを認める。
経済,博物館実習１,実習のため、欠席することで技術の習得が遅れることになる。したがって、積極的な取り組み姿勢は評価に大きく反映させる(40％)。試験は行わないが、受講態度と技術習得の度合いを評価の対象に含め、レポートにて最終的な評価を行う(60％)。
経済,博物館実習１,実習のため、欠席することで技術の習得が遅れることになる。したがって、積極的な取り組み姿勢は評価に大きく反映させる(40％)。試験は行わないが、受講態度と技術習得の度合いを評価の対象に含め、レポートにて最終的な評価を行う(60％)。
経済,博物館資料論２,受講態度40％、試験の成績60％。これらを総合して評価する。
ただし、受講回数の3分の1以上欠席した場合は欠格とする。
経済,博物館資料論２,受講態度40％、試験の成績60％。これらを総合して評価する。
ただし、受講回数の3分の1以上欠席した場合は欠格とする。
経済,博物館情報論,毎回演習的な要素も盛り込む。演習への積極的な取り組み（40％）及び毎回の授業の振り返りの小課題（30％）、最終課題（30％）を総合的に評価する。チラシ作成の演習及び博物館実地調査・発表の中で、グループメンバー間の相互連携・協力の姿勢も評価に加算する。
経済,博物館情報論,毎回演習的な要素も盛り込む。演習への積極的な取り組み（40％）及び毎回の授業の振り返りの小課題（30％）、最終課題（30％）を総合的に評価する。チラシ作成の演習及び博物館実地調査・発表の中で、グループメンバー間の相互連携・協力の姿勢も評価に加算する。
経済,教育メディア環境論,毎回演習的な要素を盛り込む。演習への積極的な取り組み（20％）及び毎回の授業の振り返りの小課題（30％），最終課題（50％）を総合的に評価する。
経済,教育メディア環境論,毎回演習的な要素を盛り込む。演習への積極的な取り組み（20％）及び毎回の授業の振り返りの小課題（30％），最終課題（50％）を総合的に評価する。
経済,博物館実習２,館務実習における参加の記録（実習簿、作品等）及び実習前後の面談、補充学習等を総合的に評価する。（100％）
経済,博物館実習２,館務実習における参加の記録（実習簿、作品等）及び実習前後の面談、補充学習等を総合的に評価する。（100％）
経済,博物館実習３,館務実習における参加の記録（実習簿、作品等）及び実習前後の面談、補充学習等を総合的に評価する。（100％）
経済,博物館実習３,館務実習における参加の記録（実習簿、作品等）及び実習前後の面談、補充学習等を総合的に評価する。（100％）
