法, 生涯体育,授業参加度および授業に対する積極的な取り組み、上達度をもって評価の対象とする。また確認の意味も含めて、授業の中で数回の筆記試験、実技テストを行う。
年間5回以上欠席した者は評価の対象としない。
法, 生涯体育,授業参加度および授業に対する積極的な取り組み、上達度をもって評価の対象とする。また確認の意味も含めて、授業の中で数回の筆記試験、実技テストを行う。
年間5回以上欠席した者は評価の対象としない。
法, 生涯体育,授業参加度および授業に対する積極的な取り組み、上達度をもって評価の対象とする。また確認の意味も含めて、授業の中で数回の筆記試験、実技テストを行う。
年間5回以上欠席した者は評価の対象としない。
法, 生涯体育,授業参加度および授業に対する積極的な取り組み、上達度をもって評価の対象とする。また確認の意味も含めて、授業の中で数回の筆記試験、実技テストを行う。
年間5回以上欠席した者は評価の対象としない。
法, 生涯体育,授業参加度および授業に対する積極的な取り組み、上達度をもって評価の対象とする。また確認の意味も含めて、授業の中で数回の筆記試験、実技テストを行う。
年間5回以上欠席した者は評価の対象としない。
法, 生涯体育,授業参加度および授業に対する積極的な取り組み、上達度をもって評価の対象とする。また確認の意味も含めて、授業の中で数回の筆記試験、実技テストを行う。
年間5回以上欠席した者は評価の対象としない。
法, 特設科目A （実践法教育）,講義への参加度合い（70％）、レポート等の提出物（30％）で評価する。
試験は実施しない。
法, 日本語３,平常点（授業参加度、提出物等）２０％　　試験５０％　　発表３０％　　
法, 生涯体育,授業参加度および授業に対する積極的な取り組み、上達度をもって評価の対象とする。また確認の意味も含めて、授業の中で数回の筆記試験、実技テストを行う。
年間5回以上欠席した者は評価の対象としない。
法, 生涯体育,授業参加度および授業に対する積極的な取り組み、上達度をもって評価の対象とする。また確認の意味も含めて、授業の中で数回の筆記試験、実技テストを行う。
年間5回以上欠席した者は評価の対象としない。
法, 生涯体育,授業参加度および授業に対する積極的な取り組み、上達度をもって評価の対象とする。また確認の意味も含めて、授業の中で数回の筆記試験、実技テストを行う。
年間5回以上欠席した者は評価の対象としない。
法, 生涯体育,授業参加度および授業に対する積極的な取り組み、上達度をもって評価の対象とする。また確認の意味も含めて、授業の中で数回の筆記試験、実技テストを行う。
年間5回以上欠席した者は評価の対象としない。
法, 生涯体育,授業参加度および授業に対する積極的な取り組み、上達度をもって評価の対象とする。また確認の意味も含めて、授業の中で数回の筆記試験、実技テストを行う。
年間5回以上欠席した者は評価の対象としない。
法, 生涯体育,授業参加度および授業に対する積極的な取り組み、上達度をもって評価の対象とする。また確認の意味も含めて、授業の中で数回の筆記試験、実技テストを行う。
年間5回以上欠席した者は評価の対象としない。
法, 生涯体育,授業参加度および授業に対する積極的な取り組み、上達度をもって評価の対象とする。また確認の意味も含めて、授業の中で数回の筆記試験、実技テストを行う。
年間5回以上欠席した者は評価の対象としない。
法, 生涯体育,授業参加度および授業に対する積極的な取り組み、上達度をもって評価の対象とする。また確認の意味も含めて、授業の中で数回の筆記試験、実技テストを行う。
年間5回以上欠席した者は評価の対象としない。
法, 生涯体育,授業参加度および授業に対する積極的な取り組み、上達度をもって評価の対象とする。また確認の意味も含めて、授業の中で数回の筆記試験、実技テストを行う。
年間5回以上欠席した者は評価の対象としない。
法, 生涯体育,授業参加度および授業に対する積極的な取り組み、上達度をもって評価の対象とする。また確認の意味も含めて、授業の中で数回の筆記試験、実技テストを行う。
年間5回以上欠席した者は評価の対象としない。
法, 日本語１,前・後期2回の聴解試験７０％、小テスト２０％、受講態度１０％
法, 日本語４,平常点（課題２０％、発表１５％、授業に取り組む姿勢３０％、小テスト１５％、ロールプレイテスト２０％）により評価する。
法, 日本語２,前期と後期にそれぞれ一度小テストを行なう。前期は「書き言葉の特徴」の習得をみる。後期は教材の中の指定した読解資料から出題する。作文は提出義務のある項目ごとに提出の有無・内容の論理性・表現力などを総合的に採点する。３分の１以上欠席した場合は欠格とする。
法, 日本語５,各項目ごとに宿題をさせ、その提出の有無、通年で２回行うテストで評価する。
３分の１以上欠席した場合は欠格とする。
法, ドイツ語１,はじめて習う外国語です。わからないことがあって当たり前です。わからないことは積極的に質問してください。ただし、単語の意味など、調べればわかることは自分で調べるという姿勢を忘れないこと。そしてとにかく消極的にならずに声を出すことを心がけて下さい。
法, ドイツ語１,定期試験７割、 課題の発表等の平常点３割。 授業時は辞書必携のこと
法, ドイツ語１,定期試験および小テスト。ただし、出席回数が３分の２以下の場合は欠格とする。
法, フランス語１,小テスト（30％）、試験（70％）
授業回数の3分の2以上の出席に満たない場合は欠格とする。
法, フランス語１,授業内小テスト、平常点（授業参観時の発言・態度等も考慮対象です）最終講義時にレポート提出してもらいます
法, フランス語１,試験として小テストと定期試験を行い、それらを１００％に配分して成績を出します。配分は、「課題(１５％)＋小テスト(２５％)＋試験(６０％)」です。
法, 中国語１,以下の３点から総合的に評価する:〈１〉授業態度及び宿題の出来具合10％
〈２〉中間テストの成績20％、〈３〉定期試験成績70％。
法, 中国語１,平常点（授業態度、課題、小テスト）（２０％） 定期試験（８０％）
法, 中国語１,受講態度15％、課題及び小テスト25％、定期試験60％の基準で評価する。
法, 中国語１,試験の成績（６０％）と平常点（授業参加度２０％、発言頻度１０％、授業態度１０％） を総合して評価します。
ただし、授業回数の３分の２以上の出席に満たない場合は欠格とする。
法, 中国語１,平常点（授業参加態度、授業内容理解度等）50％、宿題10％、定期試験40％で評価します。遅刻、欠席は減点対象です。詳しくは、初回の授業で説明しますので、必ず出席して下さい。
法, 英語講読１,最終講義の際の試験の結果が６０％、通常の予習確認のための小テスト２０％、授業時の発表等２０％。ただし後ろの二つは分けにくいので、合わせて４０％と考えてもらっても差し支えない。
法, 英語講読１,平常点（４０％）、試験（６０％）を総合的に評価する。尚、平常点には授業での発表の様子などが含まれる。
法, ドイツ語１,定期テスト７０％。授業内発表、提出物、ノートチェック３０％。ただし、著しく受講態度が悪い場合、および三分の一以上欠席した場合は欠格とします。
法, ドイツ語１,定期試験７割、 課題の発表等の平常点３割。 授業時は辞書必携のこと
法, ドイツ語１,定期試験および小テスト。ただし、出席回数が３分の２以下の場合は欠格とする。
法, フランス語１,小テスト（30％）、試験（70％）
授業回数の3分の2以上の出席に満たない場合は欠格とする。
法, フランス語１,授業内小テスト、平常点（授業参観時の発言・態度等も考慮対象です）最終講義時にレポート提出してもらいます
法, フランス語１,試験として小テストと定期試験を行い、それらを１００％に配分して成績を出します。配分は、「課題(１５％)＋小テスト(２５％)＋試験(６０％)」です。
法, 中国語１,以下の３点から総合的に評価する:〈１〉授業態度及び宿題の出来具合10％
〈２〉中間テストの成績20％、〈３〉定期試験成績70％。
法, 中国語１,授業中の学習態度と宿題の完成状況２０％、定期試験８０％
(授業回数の３分の１以上を欠席した場合は、欠格として定期試験の受験資格を認めない。)
法, 中国語１,受講態度15％、課題及び小テスト25％、定期試験60％の基準で評価する。
法, 中国語１,試験の成績（６０％）と平常点（授業参加度２０％、発言頻度１０％、授業態度１０％） を総合して評価します。
ただし、授業回数の３分の２以上の出席に満たない場合は欠格とする。
法, 中国語１,平常点（授業参加態度、授業内容理解度等）50％、宿題10％、定期試験40％で評価します。遅刻、欠席は減点対象です。詳しくは、初回の授業で説明しますので、必ず出席して下さい。
法, 英語講読１,最終講義の際の試験の結果が６０％、通常の予習確認のための小テスト２０％、授業時の発表等２０％。ただし後ろの二つは分けにくいので、合わせて４０％と考えてもらっても差し支えない。
法, 英語講読１,平常点（４０％）、試験（６０％）を総合的に評価する。尚、平常点には授業での発表の様子などが含まれる。
法, 基礎演習１,平常点70%（出席態度30%，課題への取組状況30%，発言・質問10%），最終レポート30%
法, 基礎演習１,平常点(授業時の発表/発言の積極性・グループ発表における貢献度等)
法, 基礎演習１,定期試験は行わない。出席、報告（１回）、レポート（２０００字以上）を前提とし、これらの内容に授業態度（発言、積極性）を加味したものが評価の主たる要素となる。出席は全出席が当然であるが、演習の性格上、遅刻２回で１回の欠席とし、４回欠席をした者に対しては、また自分の報告時に欠席した場合はそれだけで合格対象としない。
法, 基礎演習１,平常点（授業中の発言・グループ発表への参加度合）50％、レジュメ・レポート等の提出物50％で評価する。理由なき欠席は、３回で欠格とします。遅刻２回を欠席１回とみなします。
法, 基礎演習１,質問・議論・レポートによって評価する。
法, 基礎演習１,平常点（演習中の発言，受講態度）１００％
法, 会計学１,平常点（小テストなど）３０％、試験７０％
法, 外国文学１,期末試験（論述）。
詳細については授業中に指示する。
法, 英会話１,STUDENT PARTICIPATION 50％,FINAL TEST 50％
法, 情報リテラシー１,授業内で提出するデータと全2回実施する課題提出、タッチタイピングの成績により評価します。定期試験は実施しません。
また出席状況を重視し遅刻や早退は２回で１回の欠席と見なします。なお授業回数の3分の１以上欠席した場合は欠格として追試験の受験は認めませんので欠席のないようにして下さい。
法, 特設科目B （法律英語１）,平常点（クラス参加、課題）：30％
小テスト（毎回、前回の授業で学んだ法律用語の理解度の確認をする）：50％
レポート（講義で取り上げた映画又はドラマについてのレポート）：20％
法, 特設科目B （千賀修一先生寄付講座「法律入門」）,「質問・感想」の提出及び試験によって評価する。
法, 会計学１,平常点（小テストなど）３０％、試験７０％
法, 外国文学１,期末試験（論述）。
詳細については授業中に指示する。
法, 英会話１,STUDENT PARTICIPATION 50％,FINAL TEST 50％
法, 基礎演習１,平常点（クラス参加、グループ作業の成果等）：40％
クラスでの発表（プレゼンテーション）：30％
レポート（授業で発表したものをレポートしてまとめる）：30％
法, 実践英語１,平常点（４０％）、試験（６０％）を総合的に評価する。尚、平常点には授業での発表の様子などが含まれる。
法, 実践英語１,定期試験、小テストおよび授業態度を総合的に評価する。
法, 実践英語１,実技テスト５０％・ペーパーテスト５０％。ただし出席回数が３分の２以下の場合は欠格とする。試験：記憶力でなく講義内容を基にした会話力・思考力を問う。出席：毎回出席を取る。
法, 実践英語１,講義の際に指定した分担箇所の英語の音読と日本語への訳の結果が３０％、前期最終講義の後で行う試験の結果が５５％、ほぼ毎回行う単語のミニテスト１５％が基準となる。
法, 実践英語１,小テスト３０％、Activity８％、Book Report１２％、定期試験５０％
法, 実践英語１,
1. BEST PRACTICE FOR THE TOEIC LISTENING AND READING TEST

                                        吉塚弘、Michael Schauerte

					成美堂

法, 実践英語１,長文読解テスト70％，単語・文法テスト１・２30%
法, 実践英語１,
1. World English1 1A



					Cengage

法, 実践英語１,平常点（４０％）、試験（６０％）を総合的に評価する。尚、平常点には授業での発表の様子などが含まれる。
法, 実践英語１,定期試験、小テストおよび授業態度を総合的に評価する。
法, 実践英語１,実技テスト５０％・ペーパーテスト５０％。ただし出席回数が３分の２以下の場合は欠格とする。試験：記憶力でなく講義内容を基にした会話力・思考力を問う。出席：毎回出席を取る。
法, 実践英語１,講義の際に指定した分担箇所の英語の音読と日本語への訳の結果が３０％、前期最終講義の後で行う試験の結果が５５％、ほぼ毎回行う単語のミニテスト１５％が基準となる。
法, 実践英語１,小テスト３０％、Activity８％、Book Report１２％、定期試験５０％
法, 実践英語１,
1. BEST PRACTICE FOR THE TOEIC LISTENING AND READING TEST

                                        吉塚弘、Michael Schauerte

					成美堂

法, 実践英語１,長文読解テスト70％，単語・文法テスト１・２30%
法, 実践英語１,
1. World English1 1A



					Cengage

法, 基礎演習１,法律学を学習する基礎やレジュメ作成の基礎的なことを学習しますが、「調べ方」、「レジュメの書き方」を学ぶので、受け身の学習ではなく、能動的な学習が必要となります。
法, 基礎演習１,主体的に課題に取り組む気持ちのある方の参加を希望します。
法, 基礎演習１,主体的に課題に取り組む気持ちのある方の参加を希望します。
法, 情報リテラシー１,講義時間内の課題の作成等により評価する。課題提出70％　平常点（受講態度等）30％
法, 論理的思考法,本講義の内容である論理的思考については，企業の人材開発研修などでも取り入れられており，社会人として求められる重要なスキルである。また，論理的に考えるということは，どのような分野で役立つことでもあることから，学生には積極的に取り組み，ぜひ論理的なものの考え方，伝え方等を身に付けたもらいたい。
法, 外国史,小テスト二回（30％）、定期試験（70％）。
試験は論述形式で、授業内容の理解度を評価する。
法, 基礎演習１,授業参加、演習中の報告担当、発言状況等を総合した平常点による。もしレポートを課すことがあれば、そのレポートも評価の対象となる。
法, 日本史,講義内容に基づき筆記試験を行い、その成績で評価する。
法, 教養特設科目B（名城進路講座―大志を抱け）,感想シート20％、質問10％、プレゼンテーション10％、レポート60％（4題×15点）。
試験は行わない。
プレゼンテーションを行うことができない事情がある場合には、申し出によりレポートに代えることができる。
法, 法学入門,中間テスト（40％）
定期テスト（60％）
法, 基礎演習１,気楽に来てください。当たり前のことを、当たり前に話すだけの簡単な演習です。
法, 英会話１,
1. Way To Go!

                                        Cameron J. North

					ESL Learning（ISBN: 978-4-9909304-0-0 C3082）

法, 法学入門,中間テスト（40％）
定期テスト（60％）
法, 基礎演習１,参加者の人数に応じつつ進行していきたいと考えている。必ず附属図書館利用者ガイダンスに参加するので、シラバスの順序等を変更することがありうる。必ず1回は発表をしてもらう予定。
法, 基礎演習１,授業中の報告（50％）、課題の提出（50％）
法, 国文学１,中間レポート（４割）、試験（６割）で評価。出席確認はカードリーダーで実施するが加点要素とはしない。（３回目の欠席で、補修レポートの提出を義務付け、５回目の欠席からは定期試験の受験資格を欠格とする。）
法, 倫理学１,期末レポート７０％、授業中の報告、レポート、ノートチェック３０％。
著しく受講態度の悪い方、三分の一以上の欠席のある方は欠格とします。
法, 情報リテラシー１,提出課題(発表を含め50点）、計算入力試験（20点）、最終コンテンツ制作課題（30点）の合計で評価する
法, 英会話１,
1. Way To Go!

                                        Cameron J. North

					ESL Learning（ISBN: 978-4-9909304-0-0 C3082）

法, 英語講読１,Mid-term test: 20%, Final report: 25%; Presentations: 25%; Final Test/quiz: 15%, Homework, participation, effort, attitude: 15%
法, 英語講読１,まとめのテスト（５０点）、平常点（小テストと授業参加態度と演習問題への取り組み姿勢等）（５０点）で総合評価する。授業回数の３分の１以上を欠席した場合は欠格とする。平常点の割合が高いので、普段の授業時の態度に注意すること。
法, 英語講読１,レポート・小テスト等（４０％）：毎回の講義内容の理解度を確認する。試験（６０％）：講義内容全体についての理解度を確認する。出席は加点要素とはしないが、３分の１以上欠席した場合は欠格とする。
法, 英語講読１,確認テスト（５０％）：講義内容の理解度を確認します。平常点（５０％）：①授業参加態度②課題・問題演習への取り組み姿勢③小テストの点数④コメントペーパーの内容を総合的に評価します。授業回数の３分の１以上を欠席した場合は欠格となります。
法, 英語講読１,平常点（授業での予習状況、積極性）（３０％）、試験の成績（７０％）を総合して評価する
法, 英語講読１,試験60％、単語テスト20％、平常点（提出物、授業への取り組み）20％。遅刻は3回で欠席1回と数える。授業回数の3分の2以上の出席に満たない場合は欠格とする。
法, 基礎演習１,平常点（受講態度、課題の提出状況、グループ報告に積極的に参加しているかなど）100％
法, 英語講読１,Mid-term test: 20%, Final report: 25%; Presentations: 25%; Final Test/quiz: 15%, Homework, participation, effort, attitude: 15%
法, 英語講読１,まとめのテスト（５０点）、平常点（小テストと授業参加態度と演習問題への取り組み姿勢等）（５０点）で総合評価する。授業回数の３分の１以上を欠席した場合は欠格とする。平常点の割合が高いので、普段の授業時の態度に注意すること。
法, 英語講読１,レポート・小テスト等（４０％）：毎回の講義内容の理解度を確認する。試験（６０％）：講義内容全体についての理解度を確認する。出席は加点要素とはしないが、３分の１以上欠席した場合は欠格とする。
法, 英語講読１,確認テスト（５０％）：講義内容の理解度を確認します。平常点（５０％）：①授業参加態度②課題・問題演習への取り組み姿勢③小テストの点数④コメントペーパーの内容を総合的に評価します。授業回数の３分の１以上を欠席した場合は欠格となります。
法, 英語講読１,平常点（授業での予習状況、積極性）（３０％）、試験の成績（７０％）を総合して評価する
法, 英語講読１,試験60％、単語テスト20％、平常点（提出物、授業への取り組み）20％。遅刻は3回で欠席1回と数える。授業回数の3分の2以上の出席に満たない場合は欠格とする。
法, 基礎演習１,報告の内容（８０％）と、提出されたレポートの内容（２０％）により評価する。
法, 基礎演習１,報告５０％。レポート５０％。
法, 教養特設科目B（中国入門１）,平常点（授業参加度３０％、授業態度２０％、会話発表５０％）
法, 哲学１,中間テスト50％、期末試験50％
法, 基礎演習１,発言内容および受講態度を総合的に判断して評価する。
法, 基礎演習１,報告や発言などの授業参加度とレポートの提出によって判断をする。出席が授業回数の３分の２以下の場合には欠格とする。
法, 情報リテラシー１,授業時に不定期に課す通常課題の達成度 70% + 最終回に行なう試験風課題の達成度 30%
法, 情報リテラシー１,提出課題(発表を含め50点）、計算入力試験（20点）、最終コンテンツ制作課題（30点）の合計で評価する
法, 英会話１,Students should come to class prepared.  Please bring :  -Textbook  -Pencil or pen  -Dictionary
法, 英会話１,
1. World English1 1B



					Cengage

法, 基礎演習１,平常点（講義での発言・グループワークへの参加度合）50％、レポート等の提出物50％で評価する。理由なき欠席３回で欠格とする。遅刻２回を欠席１回とみなす。
法, 基礎演習１,受講態度や課題への取り組み状況に基づいて評価する。
法, 基礎演習１,授業中の発表（50％）、レポート課題の提出（50％）
法, 基礎演習１,平常点-授業参加度４０％　発言頻度４０％　授業態度２０％
法, 基礎演習１,演習への参加と参加姿勢、分担報告、討論での発言を総合した平常点により評価する。
法, 英会話１,Students should come to class prepared.  Please bring :  -Textbook  -Pencil or pen  -Dictionary
法, 英会話１,
1. World English1 1B



					Cengage

法, 特設科目B （中国法文化１）,授業参加・発言・質問を総合的に評価する。
法, 特設科目B （法律中国語１）,平常点（授業参加度４０％、発言頻度２０％、授業態度２０％、小テスト２０％）
法, 日本史,定期試験７０％、授業中に課した小レポートや宿題３０％で評価する。定期試験は論述形式で行い、理解度・論理性などを判断基準とする。定期試験では授業中に配付する資料と自筆ノートの持ち込みを許可する。
法, 基礎演習１,報告　５０％　討論参加　５０％
法, 基礎演習１,積極的な情報収集と議論への参加を評価する平常点、 および報告内容によって評価する。 概ね平常点50%、報告50%の割合で評価する予定。
法, 国文学１,中間レポート（４割）、試験（６割）で評価。出席確認はカードリーダーで実施するが加点要素とはしない。（３回目の欠席で、補修レポートの提出を義務付け、５回目の欠席からは定期試験の受験資格を欠格とする。）
法, ドイツ語３,平常点（ミニテスト、授業参加度）４０％．試験６０％．
法, ドイツ語３,平常点（課題の取り組み、積極的な授業参加、グループワークの成果等を評価する）100％。出席は加点要素としないが、授業の３分の１以上欠席した場合は欠格とする。
法, ドイツ語３,試験50％と平常点（授業参加と貢献度、および３回実施の小テスト結果）50％との総合評価。
法, フランス語３,平常点（積極的な授業参加＋小テスト＋課題提出等）：４０％　　口頭テスト：２０％　　定期（期末）テスト（筆記）：４０％
法, フランス語３,試験100％。ただし、出席回数が３分の２以下の場合は欠格とする。
法, フランス語３,試験の成績を基本（７０％）とし、平常点（３０％）を加えて評価します。平常点は平常時の態度、質問に対する返答、提出物をちゃんと出しているか否かによって決定します。出席点はありませんが、授業回数の３分の１以上欠席した場合は欠格とします。
法, 中国語３,
1. 一冊めの中国語　会話クラス

                                        劉頴・喜多山幸子・松田かの子

					白水社

法, 中国語３,平常点（授業参加態度、授業内容理解度等）50％、宿題10％、定期試験40％で評価します。遅刻、欠席は減点対象です。詳しくは、初回の授業で説明しますので、必ず出席して下さい。
法, 中国語３,以下の３点から総合的に評価する：＜１＞授業態度及び宿題の出来具合10％、
＜２＞中間テストの成績20％、＜３＞定期試験70％。
法, 中国語３,定期試験６０％、授業態度及び毎回の小テスト４０％。授業回数の３分の１以上欠席した場合は、欠格とする。
法, 中国語３,授業中、間違えることを恐れないで、積極的におおきな声を出して発音するように心がけて欲しい。中国語でのコミュニケーションを体験しながら、現代中国の様々な事情にも関心を持つようになることを期待します。
法, 外国史,小テスト（20%）、定期試験（80%）
法, 社会学１,以下の２項目を合計して採点します。
平常点（50点）：授業ノートの確認および小テストの合計得点から算出
期末点（50点）：提出レポートの評価
法, 英会話１,Students should come to class prepared.  Please bring :  -Textbook  -Pencil or pen  -Dictionary
法, ドイツ語３,定期試験７割、 課題の発表等の平常点３割。 授業時は辞書必携のこと
法, ドイツ語３,平常点（課題の取り組み、積極的な授業参加、グループワークの成果等を評価する）100％。出席は加点要素としないが、授業の３分の１以上欠席した場合は欠格とする。
法, ドイツ語３,試験50％と平常点（授業参加と貢献度、および３回実施の小テスト結果）50％との総合評価。
法, フランス語３,平常点（積極的な授業参加＋小テスト＋課題提出等）：４０％　　口頭テスト：２０％　　定期（期末）テスト（筆記）：４０％
法, フランス語３,試験100％。ただし、出席回数が３分の２以下の場合は欠格とする。
法, フランス語３,試験の成績を基本（７０％）とし、平常点（３０％）を加えて評価します。平常点は平常時の態度、質問に対する返答、提出物をちゃんと出しているか否かによって決定します。出席点はありませんが、授業回数の３分の１以上欠席した場合は欠格とします。
法, 中国語３,
1. 一冊めの中国語　会話クラス

                                        劉頴・喜多山幸子・松田かの子

					白水社

法, 中国語３,受講態度15％、課題及び小テスト25％、定期試験60％の基準で評価する。
法, 中国語３,以下の３点から総合的に評価する：＜１＞授業態度及び宿題の出来具合10％、
＜２＞中間テストの成績20％、＜３＞定期試験70％。
法, 中国語３,定期試験６０％、授業態度及び毎回の小テスト４０％。授業回数の３分の１以上欠席した場合は、欠格とする。
法, 中国語３,授業中、間違えることを恐れないで、積極的におおきな声を出して発音するように心がけて欲しい。中国語でのコミュニケーションを体験しながら、現代中国の様々な事情にも関心を持つようになることを期待します。
法, 社会学１,以下の２項目を合計して採点します。
平常点（50点）：授業ノートの確認および小テストの合計得点から算出
期末点（50点）：提出レポートの評価
法, 英会話１,Students should come to class prepared.  Please bring :  -Textbook  -Pencil or pen  -Dictionary
法, ドイツ語２,はじめて習う外国語です。わからないことがあって当たり前です。わからないことは積極的に質問してください。ただし、単語の意味など、調べればわかることは自分で調べるという姿勢を忘れないこと。そしてとにかく消極的にならずに声を出すことを心がけて下さい。
法, ドイツ語２,定期試験７割、 課題の発表等の平常点３割。 授業時は辞書必携のこと
法, ドイツ語２,定期試験および小テスト。ただし、出席回数が３分の２以下の場合は欠格とする。
法, フランス語２,小テスト（30％）、試験（70％）
授業回数の3分の2以上の出席に満たない場合は欠格とする。
法, フランス語２,授業内小テスト、平常点（授業参観時の発言・態度等も考慮対象です）最終講義時にレポート提出してもらいます
法, フランス語２,試験として小テストと定期試験を行い、それらを１００％に配分して成績を出します。配分は、「課題(１５％)＋小テスト(２５％)＋試験(６０％)」です。
法, 中国語２,以下の３点から総合的に評価する:〈１〉授業態度及び宿題の出来具合10％
〈２〉中間テストの成績20％、〈３〉定期試験成績70％。
法, 中国語２,平常点（授業態度、課題、小テスト）（２０％）定期試験（８０％）
法, 中国語２,受講態度15％、課題及び小テスト25％、定期試験60％の基準で評価する。
法, 中国語２,試験の成績（６０％）と平常点（授業参加度２０％、発言頻度１０％、授業態度１０％）を総合して評価します。
ただし、授業回数の３分の２以上の出席に満たない場合は欠格とする。
法, 中国語２,平常点（授業参加態度、授業内容理解度等）５０％、宿題１０％、定期試験４０％で評価します。遅刻、欠席は減点対象です。
法, 英語講読２,講義の際に指定した分担箇所の,英語の音読と日本語の訳の結果が３０％。前期最終講義の後に行う試験の結果が５５％、ほぼ毎回行う単語のミニテスト１５％、を基準とする。
法, 英語講読２,平常点（４０％）、試験（６０％）を総合的に評価する。尚、平常点には授業での発表の様子などが含まれる。
法, ドイツ語２,定期テスト７０％、授業内発表、提出物、ノートチェック３０％。ただし、著しく受講態度の悪い場合、三分の一以上欠席した場合は欠格とします。
法, ドイツ語２,定期試験７割、 課題の発表等の平常点３割。 授業時は辞書必携のこと
法, ドイツ語２,定期試験および小テスト。ただし、出席回数が３分の２以下の場合は欠格とする。
法, フランス語２,小テスト（30％）、試験（70％）
授業回数の3分の2以上の出席に満たない場合は欠格とする。
法, フランス語２,授業内小テスト、平常点（授業参観時の発言・態度等も考慮対象です）最終講義時にレポート提出してもらいます
法, フランス語２,試験として小テストと定期試験を行い、それらを１００％に配分して成績を出します。配分は、「課題(１５％)＋小テスト(２５％)＋試験(６０％)」です。
法, 中国語２,以下の３点から総合的に評価する:〈１〉授業態度及び宿題の出来具合10％
〈２〉中間テストの成績20％、〈３〉定期試験成績70％。
法, 中国語２,授業中の学習態度と宿題の完成状況２０％、定期試験８０％
(授業回数の３分の１以上を欠席した場合は、欠格として定期試験の受験資格を認めません。)
法, 中国語２,受講態度15％、課題及び小テスト25％、定期試験60％の基準で評価する。
法, 中国語２,試験の成績（６０％）と平常点（授業参加度２０％、発言頻度１０％、授業態度１０％）を総合して評価します。
ただし、授業回数の３分の２以上の出席に満たない場合は欠格とする。
法, 中国語２,平常点（授業参加態度、授業内容理解度等）５０％、宿題１０％、定期試験４０％で評価します。遅刻、欠席は減点対象です。
法, 英語講読２,講義の際に指定した分担箇所の,英語の音読と日本語の訳の結果が３０％。前期最終講義の後に行う試験の結果が５５％、ほぼ毎回行う単語のミニテスト１５％、を基準とする。
法, 英語講読２,平常点（４０％）、試験（６０％）を総合的に評価する。尚、平常点には授業での発表の様子などが含まれる。
法, 情報リテラシー１,授業内で提出するデータと全2回実施する課題提出、タッチタイピングの成績により評価します。定期試験は実施しません。
また出席状況を重視し遅刻や早退は２回で１回の欠席と見なします。なお授業回数の3分の１以上欠席した場合は欠格として追試験の受験は認めませんので欠席のないようにして下さい。
法, 刑法１,試験により評価する（教科書、判例集、六法、ノート等の持ち込みは全て禁止する）。
法, 憲法１,筆記試験の点数を基本として評価する。
法, 英会話２,STUDENT PARTICIPATION 50％,FINAL TEST 50％
法, 外国文学２,期末試験（論述）。
詳細については授業中に指示する。
法, 民法１,試験で評価する。出欠席は確認する。授業にきちんと出席し、授業中の質問に正解した学生には、試験の成績に加点することがある。
法, 刑法１,刑法は，現実の裁判においてどのように解釈されているのだろうか？また，刑法は，理想的にはどのように解釈されるべきだろうか？授業では，これらのことを受講生の皆さんと一緒に考えたい。
法, 英会話２,STUDENT PARTICIPATION 50％,FINAL TEST 50％
法, 外国文学２,期末試験（論述）。
詳細については授業中に指示する。
法, 実践英語２,平常点（４０％）、試験（６０％）を総合的に評価する。尚、平常点の中には授業での発表の様子などが含まれる。
法, 実践英語２,定期試験、小テストおよび授業態度を総合的に評価する。
法, 実践英語２,実技テスト５０％・ペーパーテスト５０％。ただし出席回数が３分の２以下の場合は欠格とする。試験：記憶力でなく講義内容を基にした会話力・思考力を問う。出席：毎回出席を取る。
法, 実践英語２,最後の講義の時の２回試験５５％、通常の予習確認のための小テストと授業時の発表等３０％。途中に行ったPre-Testは15％。
法, 実践英語２,小テスト３０％、Activity８％、Book Report１２％、定期試験５０％
法, 実践英語２,
1. BEST PRACTICE FOR THE TOEIC LISTENING AND READING TEST

                                        吉塚弘、Michael Schauerte

					成美堂

法, 実践英語２,長文読解テスト70％，単語・文法テスト３・４ 30%
法, 実践英語２,
1. World English1 1A



					Cengage

法, 実践英語２,平常点（４０％）、試験（６０％）を総合的に評価する。尚、平常点の中には授業での発表の様子などが含まれる。
法, 実践英語２,定期試験、小テストおよび授業態度を総合的に評価する。
法, 実践英語２,実技テスト５０％・ペーパーテスト５０％。ただし出席回数が３分の２以下の場合は欠格とする。試験：記憶力でなく講義内容を基にした会話力・思考力を問う。出席：毎回出席を取る。
法, 実践英語２,最後の講義の時の２回試験５５％、通常の予習確認のための小テストと授業時の発表等３０％。途中に行ったPre-Testは15％。
法, 実践英語２（再）,小テスト３０％、Activity８％、Book Report１２％、定期試験５０％
法, 実践英語２,
1. BEST PRACTICE FOR THE TOEIC LISTENING AND READING TEST

                                        吉塚弘、Michael Schauerte

					成美堂

法, 実践英語２,長文読解テスト70％，単語・文法テスト３・４ 30%
法, 実践英語２,
1. World English1 1A



					Cengage

法, 情報リテラシー１,講義時間内の課題の作成等により評価する。課題提出70％　平常点（受講態度等）30％
法, 基礎演習２,法律学を学習する基礎やレポート作成の基礎的なことを学習しますが、「調べ方」、「報告の仕方」、「レポートの書き方」を学ぶので、受け身の学習ではなく、能動的な学習が必要となります。
法, 教養特設科目B（名城進路講座―考動力）,講義内課題70％、レポート30％。
試験は行わない。
詳細は授業中に説明する。
法, 教養特設科目B（中国社会１）,平常点（授業参加度40％、発言頻度30％、授業態度30％）で評価する。出席回数が3分の2以下の場合は失格となる。
法, 倫理学１,定期試験100％
法, 憲法１,中間課題１・・・５％　中間課題２　・・・　５％　定期試験　・・・　９０％　中間課題・定期試験ともに論述試験で行い、必要な条文・学説・判例の記述を加点するとともに、答案構成力・論理的思考力を加点して評価します。
法, 基礎演習２,授業内課題　80点
リサーチ・デザイン・ペーパー　20点プラス単位認定
法, 基礎演習２,平常点（クラス参加、グループ作業の成果、講義の課題等）：40％
クラスでの発表（プレゼンテーション）：30％
レポート（授業で発表したものをレポートとしてまとめる）：30％
法, 英会話２,
1. Way To Go!

                                        Cameron J. North

					ESL Learning（ISBN: 978-4-9909304-0-0 C3082）

法, 国文学２,中間レポート（４割）、試験（６割）で評価。出席確認はカードリーダーで実施するが加点要素とはしない。（３回目からは補修レポートの提出を求め、５回目の欠席から定期試験の受験資格を欠格とする。）
法, 社会科学のための数学１,中間テスト（４０％）、定期テスト（６０％）で評価する。それぞれ、試験範囲（試験日以前の講義内容すべて）について、講義中に提示した例題と同様の難易度の問に解答できるかで評価する。
法, 民法１,試験の成績100％で評価します。
法, 基礎演習２,期末レポート（70%）・発表（30％）。
法, 英会話２,
1. Way To Go!

                                        Cameron J. North

					ESL Learning（ISBN: 978-4-9909304-0-0 C3082）

法, 教養特設科目B （論理的表現法）,平常点（クラス参加、講義の課題）：40％
クラスでの発表：30％
レポート（授業で発表したものをレポートにする）：30％
法, 英語講読２,Mid-term test: 20%, Final report: 25%; Presentations: 25%; Final Test/quiz: 15%, Homework, participation, effort, attitude: 15%
法, 英語講読２,まとめのテスト（５０点）、平常点（小テストと授業参加態度と演習問題への取り組み姿勢等）（５０点）で総合評価する。授業回数の３分の１以上を欠席した場合は欠格とする。平常点の割合が高いので、普段の授業時の態度に注意すること。
法, 英語講読２,レポート・小テスト等（４０％）：毎回の講義内容の理解度を確認する。試験（６０％）：講義内容全体についての理解度を確認する。出席は加点要素とはしないが、３分の１以上欠席した場合は欠格とする。
法, 英語講読２,確認テスト（５０％）：講義内容の理解度を確認します。平常点（５０％）：①授業参加態度②課題・問題演習への取り組み姿勢③小テストの点数④コメントペーパーの内容を総合的に評価します。授業回数の３分の１以上を欠席した場合は欠格となります。
法, 英語講読２,平常点（授業での予習状況、積極性）（３０％）、試験の成績（７０％）を総合して評価する
法, 英語講読２,試験60％、単語テスト20％、平常点（提出物、授業への取り組み）20％。遅刻は3回で欠席1回と数える。授業回数の3分の2以上の出席に満たない場合は欠格とする。
法, 政治学入門,・第1回から第14回までの範囲については１回の理解度確認テストと１回の抜き打ち授業内小レポート提出（それぞれ10％、計20％）を実施する。
・第15回から第28回までの範囲については、数回の抜き打ち小テスト（計20％）を実施する。
・第1回から第30回の内容を対象とした定期試験（60％）を実施する。
・正式な成績評価の方法・授業計画・注意事項等は、初回の講義にて配布する「詳細版シラバス」にて指示する。
法, 英語講読２,Mid-term test: 20%, Final report: 25%; Presentations: 25%; Final Test/quiz: 15%, Homework, participation, effort, attitude: 15%
法, 英語講読２,まとめのテスト（５０点）、平常点（小テストと授業参加態度と演習問題への取り組み姿勢等）（５０点）で総合評価する。授業回数の３分の１以上を欠席した場合は欠格とする。平常点の割合が高いので、普段の授業時の態度に注意すること。
法, 英語講読２,レポート・小テスト等（４０％）：毎回の講義内容の理解度を確認する。試験（６０％）：講義内容全体についての理解度を確認する。出席は加点要素とはしないが、３分の１以上欠席した場合は欠格とする。
法, 英語講読２,確認テスト（５０％）：講義内容の理解度を確認します。平常点（５０％）：①授業参加態度②課題・問題演習への取り組み姿勢③小テストの点数④コメントペーパーの内容を総合的に評価します。授業回数の３分の１以上を欠席した場合は欠格となります。
法, 英語講読２,平常点（授業での予習状況、積極性）（３０％）、試験の成績（７０％）を総合して評価する
法, 英語講読２,試験60％、単語テスト20％、平常点（提出物、授業への取り組み）20％。遅刻は3回で欠席1回と数える。授業回数の3分の2以上の出席に満たない場合は欠格とする。
法, 政治学入門,・第1回から第14回までの範囲については１回の理解度確認テストと１回の抜き打ち授業内小レポート提出（それぞれ10％、計20％）を実施する。
・第15回から第28回までの範囲については、数回の抜き打ち小テスト（計20％）を実施する。
・第1回から第30回の内容を対象とした定期試験（60％）を実施する。
・正式な成績評価の方法・授業計画・注意事項等は、初回の講義にて配布する「詳細版シラバス」にて指示する。
法, 教養特設科目B（中国入門２）,平常点（授業参加度３０％、授業態度２０％、会話発表５０％）
法, 哲学１,中間テスト50％、期末試験50％
法, 心理学１,小レポートおよび演習課題（40％）、試験（60％）をもとに総合的に評価を行う（授業時の参加態度による加点・減点の可能性あり）。なお、授業回数の1／3以上を欠席した場合は、試験の受験資格がないものとする。
法, 英会話２,Students should come to class prepared.  Please bring :  -Textbook  -Pencil or pen  -Dictionary
法, 英会話２,
1. World English1 1B



					Cengage

法, 情報リテラシー１,授業時に不定期に課す通常課題の達成度 70% + 最終回に行なう試験風課題の達成度 30%
法, 心理学１,小レポートおよび演習課題（40％）、試験（60％）をもとに総合的に評価を行う（授業時の参加態度による加点・減点の可能性あり）。なお、授業回数の1／3以上を欠席した場合は、試験の受験資格がないものとする。
法, 特設科目B （法文化１）,授業への参加と参加姿勢、分担報告、討論での発言を総合した平常点（５０％）とレポート（５０％）により評価する。
法, 経済学１,期末試験で評価する。評価基準は授業の理解度。
法, 自然地理学,定期試験が６０点。抜き打ち小テストが４回×１０点＝４０点。合計１００点満点とする。
法, 英会話２,Students should come to class prepared.  Please bring :  -Textbook  -Pencil or pen  -Dictionary
法, 英会話２,
1. World English1 1B



					Cengage

法, 基礎演習２,平常点（講義での発言・グループワークへの参加度合）30％、ディベート30％、レポート等の提出物40％で評価する。理由なき欠席３回で欠格とする。遅刻２回を欠席１回とみなす。
法, 基礎演習２,受講態度や発表内容に基づいて評価します。
法, 特設科目B （法律中国語２）,平常点（授業参加度４０％、発言頻度２０％、授業態度２０％、小テスト２０％）
法, 地理学,定期試験が６０点。抜き打ち小テストが４回×１０点＝４０点。合計１００点満点とする。
法, 経済学１,期末試験で評価する。評価基準は授業の理解度。
法, 地誌学,定期試験が６０点。抜き打ち小テストが４回×１０点＝４０点。合計１００点満点とする。
法, 基礎演習２,テキストを読みながら、基礎知識を、習得する。レポート（50）および小テスト（25+25）を、評価基準とする。
法, 国文学２,中間レポート（４割）、試験（６割）で評価。出席確認はカードリーダーで実施するが加点要素とはしない。（３回目からは補修レポートの提出を求め、５回目の欠席から定期試験の受験資格を欠格とする。）
法, 基礎演習２,随時提出するレポートや報告（グループの場合もあり）を80％とし、これに実習態度や発言を20％加味して評価します。正当な理由がある場合の欠席は３回で、無断欠席は１回で、いずれも「欠格」になるので注意してください。大幅な遅刻（10分以上）は、欠席と同じ扱いです。
法, 基礎演習２,報告の内容（８０％）と、提出されたレポートの内容（２０％）により評価する。
法, ドイツ語４,平常点（ミニテスト、授業参加度）４０％。　試験６０％
法, ドイツ語４,平常点（課題の取り組み、積極的な授業参加、グループワークの成果等を評価する）100％。出席は加点要素としないが、授業の３分の１以上欠席した場合は欠格とする。
法, ドイツ語４,試験50％と平常点（授業参加と貢献度、および３回実施の小テスト結果）50％との総合評価。
法, フランス語４,平常点（積極的な授業参加＋小テスト＋課題提出等）：４０％　　フランス語作文等のレポート：２０％　　定期（期末）テスト（筆記）：４０％
法, フランス語４,試験100％。ただし、出席回数が３分の２以下の場合は欠格とする。
法, フランス語４,試験の成績を基本（７０％）とし、平常点（３０％）を加えて評価します。平常点は平常時の態度、質問に対する返答、提出物をちゃんと出しているか否かによって決定します。出席点はありませんが、授業回数の３分の１以上欠席した場合は欠格とします。
法, 中国語４,
1. 一冊めの中国語　会話クラス

                                        劉頴・喜多山幸子・松田かの子

					白水社

法, 中国語４,平常点（授業参加態度、授業内容理解度等）５０％、宿題１０％、定期試験４０％で評価します。遅刻、欠席は減点対象です。
法, 中国語４,以下の３点から総合的に評価する：＜１＞授業態度及び宿題の出来具合10％、
＜２＞中間テストの成績20％、＜３＞定期試験の成績70％。
法, 中国語４,定期試験６０％、授業態度及び毎回の小テスト４０％。授業回数の３分の１以上欠席した場合は、欠格とする。
法, 中国語４,授業中、間違えることを恐れないで、積極的におおきな声を出して発音するように心がけて欲しい。中国語でのコミュニケーションを体験しながら、現代中国の様々な事情にも関心を持つようになることを期待します。
法, 英会話２,Students should come to class prepared.  Please bring :  -Textbook  -Pencil or pen  -Dictionary
法, ドイツ語４,定期試験７割、 課題の発表等の平常点３割。 授業時は辞書必携のこと
法, ドイツ語４,平常点（課題の取り組み、積極的な授業参加、グループワークの成果等を評価する）100％。出席は加点要素としないが、授業の３分の１以上欠席した場合は欠格とする。
法, ドイツ語４,試験50％と平常点（授業参加と貢献度、および３回実施の小テスト結果）50％との総合評価。
法, フランス語４,平常点（積極的な授業参加＋小テスト＋課題提出等）：４０％　　フランス語作文等のレポート：２０％　　定期（期末）テスト（筆記）：４０％
法, フランス語４,試験100％。ただし、出席回数が３分の２以下の場合は欠格とする。
法, フランス語４,試験の成績を基本（７０％）とし、平常点（３０％）を加えて評価します。平常点は平常時の態度、質問に対する返答、提出物をちゃんと出しているか否かによって決定します。出席点はありませんが、授業回数の３分の１以上欠席した場合は欠格とします。
法, 中国語４,
1. 一冊めの中国語　会話クラス

                                        劉頴・喜多山幸子・松田かの子

					白水社

法, 中国語４,受講態度15％、課題及び小テスト25％、定期試験60％の基準で評価する。
法, 中国語４,以下の３点から総合的に評価する：＜１＞授業態度及び宿題の出来具合10％、
＜２＞中間テストの成績20％、＜３＞定期試験の成績70％。
法, 中国語４,定期試験６０％、授業態度及び毎回の小テスト４０％。授業回数の３分の１以上欠席した場合は、欠格とする。
法, 中国語４,定期試験６０％、授業態度及び毎回の小テスト４０％。授業回数の３分の１以上欠席した場合は、欠格とする。
法, 中国語４,授業中、間違えることを恐れないで、積極的におおきな声を出して発音するように心がけて欲しい。中国語でのコミュニケーションを体験しながら、現代中国の様々な事情にも関心を持つようになることを期待します。
法, 英会話２,Students should come to class prepared.  Please bring :  -Textbook  -Pencil or pen  -Dictionary
法, 特設科目B （公法総合入門１）,試験による。授業中の態度も考慮する。
法, 特設科目B （民事法総合入門１）,定期試験の評価による（７０％）。ただし、受講態度等も評価基準として参考にする（３０％）。
法, ボランティア入門,事前研修・講義・実習・報告会への出席、実習報告(実習先と学生)の内容を総合的に判断して評価する。
法, 健康スポーツと実践（テニス）,授業への積極的参加や取り組み、技術の習得度を総合的に評価します。
法, 健康スポーツと実践（バスケットボール）,平常点８０％（授業参加度３０％、課題への取り組み姿勢５０％）
レポート発表２０％（各チームで戦術の発表）
法, 生涯スポーツと実践（ゴルフ）,授業への積極的参加や取り組み、技術の習得度を総合的に評価します。
法, 健康スポーツと実践（バスケットボール）,平常点８０％（授業参加度３０％、課題への取り組み姿勢５０％）
レポート発表２０％（各チームで戦術の発表）
法, 健康スポーツと実践（テニス）,授業への積極的参加や取り組み、技術の習得度を総合的に評価します。
法, 健康スポーツと実践（バドミントン）,授業中に取り組む姿勢、バドミントン技術の上達度などを総合的に評価する。
法, 健康スポーツと実践（バドミントン）,授業中に取り組む姿勢、バドミントン技術の上達度などを総合的に評価する。
法, 健康スポーツと実践（サッカー・フットサル）,平常点 (７０％)、コメントペーパー (３０％)。平常点は授業への参加状況、コメントペーパーの提出状況および授業に取り組む姿勢などで総合的に判断します。
法, 刑法２,試験により評価する（教科書、判例集、六法、ノート等の持ち込みは全て禁止する）。
法, 国際政治学,定期試験：60％
中間試験：40％
詳細については、授業の「はじめに」で説明します。
法, 刑法２,講義では判例・通説を中心に説明していきたいと思います。しかし、これが「正解」というわけではありません。「社会生活上のルール」である法律は、時代や場所によって変わりうるものです。そして、変わるためには、まず誰かが現状を変更する必要性を指摘する必要があります。もちろん判例・通説を理解したうえでではありますが、もし問題意識をもった場合にはそれを積極的に指摘する姿勢をもってほしいと思います。
法, 情報リテラシー２,授業内で提出するデータと全2回実施する課題により評価します。定期試験は実施しません。
また出席状況を重視し遅刻や早退は２回で１回の欠席と見なします。なお授業回数の3分の１以上欠席した場合は欠格として追試験の受験は認めませんので欠席のないようにして下さい。
法, 応用演習１,平常点の総合評価（担当回の報告内容、質疑応答の内容や状況など）による。
法, 経済学２,日本経済をめぐる重要な課題について、論述形式の問題を出題する。問題に対しては、歴史的、制度的、構造的な要因を明らかにしながら、論理的に答案を作成することが求められる。 日頃の授業への取り組みを前提に期末試験（論述試験）で60点以上の者に単位を認める。
法, 特設科目B （教養演習）,授業参加度３０％、試験（発表）７０％で評価する。
法, 経済学２,日本経済をめぐる重要な課題について、論述形式の問題を出題する。問題に対しては、歴史的、制度的、構造的な要因を明らかにしながら、論理的に答案を作成することが求められる。 日頃の授業への取り組みを前提に期末試験（論述試験）で60点以上の者に単位を認める。
法, 経済学２,日本経済をめぐる重要な課題について、論述形式の問題を出題する。問題に対しては、歴史的、制度的、構造的な要因を明らかにしながら、論理的に答案を作成することが求められる。 日頃の授業への取り組みを前提に期末試験（論述試験）で60点以上の者に単位を認める。
法, 日本法制史,定期試験および期間内に2回程度行う課題ミニレポートによる総合評価。概ね、定期試験70％、課題レポート30％の比率で評価する予定。
法, 日本近代法史,試験の結果による。 試験について詳しくは授業において説明する。
法, 中国語３,授業態度及び宿題の出来具合。
法, 特設科目B （教養演習）,授業参加度３０％、試験（発表）７０％で評価する。
法, 日本近代法史,試験の結果による。 試験について詳しくは授業において説明する。
法, 英語講読１,定期試験（６０％）授業参加度（４０％）
法, 実践英語１,定期試験（６０％）英語スピーチ（２０％）授業参加度（２０％）
法, 情報リテラシー２,課題作成等により評価する。課題提出70％　平常点（受講態度等）30％
法, 応用演習１,授業中の報告（50％），課題の提出（50％）
法, 実践英語３,テレビやラジオの英語講座やニュースを活用して、日々英語に触れて英語の基礎的な力と学習習慣を身につけるよう心がけよう。
法, 実践英語３,授業への参加（受講態度、小テスト、提出物等）５０％、試験５０％
授業の３分の１以上を欠席した場合は、試験の受験資格を失います。
法, 実践英語３,平常点（授業参加度、授業態度、予習の有無、課題など）２５％
小テストなど ２５％
試験 （第１５回目に実施） ５０％
法, 実践英語３,Attitude and Class Performance 50％ Preparation and homework 25％ and test 25％
法, 実践英語３,成績評価を１００％として、平常点（態度・音読評価）２５％、レポート１５％、試験６０％、とする。
法, 実践英語３,定期試験60％、平常点40％（授業参加度、ペアワーク、提出物）で、評価する。
法, 実践英語３,平常点(40%):毎回のプリントや授業参加度等。定期試験(40%) 小テスト(20%)
法, 実践英語３,まとめのテスト（５０点）、平常点（小テスト、授業参加態度、演習問題への取り組み姿勢）（５０点）で総合評価する。授業回数の３分の１以上を欠席した場合は欠格とする。平常点の割合が高いので、普段の授業時の態度に注意すること。
法, 特設科目B （コーポレート・ガバナンス）,(平常点(ex. レポート/小テスト)を定期試験の点数に【加点】する場合もあるが)
原則として、定期試験のみの成績による。
法, フランス語５,平常点（授業参加度40％、小テストと課題60％）
法, 応用演習１,報告・討論への参加度を中心とした平常点100％
法, 実践英語３,テレビやラジオの英語講座やニュースを活用して、日々英語に触れて英語の基礎的な力と学習習慣を身につけるよう心がけよう。
法, 実践英語３,授業への参加（受講態度、小テスト、提出物等）５０％、試験５０％
授業の３分の１以上を欠席した場合は、試験の受験資格を失います。
法, 実践英語３,平常点（授業参加度、授業態度、予習の有無、課題など）２５％
小テストなど ２５％
試験 （第１５回目に実施） ５０％
法, 実践英語３,Attitude and Class Performance 50％ Preparation and homework 25％ and test 25％
法, 実践英語３,成績評価を１００％として、平常点（態度・音読評価）２５％、レポート１５％、試験６０％、とする。
法, 実践英語３,定期試験60％、平常点40％（授業参加度、ペアワーク、提出物）で、評価する。
法, 実践英語３,平常点(40%):毎回のプリントや授業参加度等。定期試験(40%) 小テスト(20%)
法, 実践英語３,まとめのテスト（５０点）、平常点（小テスト、授業参加態度、演習問題への取り組み姿勢）（５０点）で総合評価する。授業回数の３分の１以上を欠席した場合は欠格とする。平常点の割合が高いので、普段の授業時の態度に注意すること。
法, 民法２,試験で評価する。出欠状況は確認する。授業に出席し、質問に正解した学生には、試験の成績に加点することがある。
法, 企業法１,定期試験によります。詳しくは、初回の講義の際にお話しします。
法, 心理学２,小レポートおよび演習課題（40％）、試験（60％）をもとに総合的に評価を行う（授業時の参加態度による加点・減点の可能性あり）。なお、授業回数の1／3以上を欠席した場合は、試験の受験資格がないものとする。
法, 特設科目B （法文化３）,積極的な情報収集と議論への参加を評価する平常点、 および期末レポートによって評価する。 概ね平常点50%、レポート50%の割合で評価する予定。
法, 民法２,試験の成績100％で評価します。
法, 特設科目B （不動産登記と土地家屋調査士）,土地家屋調査士は、表示に関する登記をすることで、皆さんの大切な財産を守る仕事をしています。
どのように調査・登記することで財産を守っているのか、実務経験のある土地家屋調査士がわかりやすく丁寧に講義します。
講義内容・担当講師は予定なく変更する場合があります。ご了承ください。
法, 教養特設科目B（中国報道１）,平常点（授業参加度３０％、授業態度２０％、会話発表５０％）
法, 心理学２,小レポートおよび演習課題（40％）、試験（60％）をもとに総合的に評価を行う（授業時の参加態度による加点・減点の可能性あり）。なお、授業回数の1／3以上を欠席した場合は、試験の受験資格がないものとする。
法, 応用演習１,授業中の報告（50％）、課題の提出（50％）
法, 応用演習１,平常点（グループの活動への貢献、プレゼンテーション：70点）、レポート（30点＋単位認定）
法, 国際法,原則的には、試験（論文式で行う）の結果によって評価する（100％）。ただし、可能であれば講義期間中に小テストを実施することも考えているので、その結果も考慮する場合がある。
法, 政治思想史,試験（講義内容の基礎的事項70%、応用問題30%）で成績を評価する。
成績評価および評価基準については、講義期間中に詳しく説明を加える。
法, 応用演習１,報告等、(70％)
レポート、(30％)
法, 特設科目B （韓国法文化）,講義時間中の発言…30％　中間レポート…30％　最終レポート及び報告…40％で評価します。
法, 民法２,定期試験100％。試験形式は、学習の成果ができるだけ正確に成績に反映するように、空欄補充・択一問題・語句説明・事例問題などを組み合わせて知識や理解度を問う。
法, 憲法２,中間課題１・・・５％　中間課題２　・・・　５％　定期試験　・・・　９０％　中間課題・定期試験ともに論述試験で行い、必要な条文・学説・判例の記述を加点するとともに、答案構成力・論理的思考力を加点して評価します。
法, 法哲学,原則として定期試験により評価するが、授業中に小レポート作成を実施する可能性もある（ただし実施日の予告はしない）。実施する場合は、試験９０％、レポート１０％の割合で評価する。定期試験においては、講義内容の基本的理解度、および自分の考えをいかに筋道立てて論じているかという観点から評価する。
法, 応用演習１,授業中の報告（60％）、小レポート（授業3回につき1回の割合で課す予定）の提出（40％）
法, 国際法,原則的には、試験（論文式で行う）の結果によって評価する（100％）。ただし、可能であれば講義期間中に小テストを実施することも考えているので、その結果も考慮する場合がある。
法, 企業法２,(平常点(ex. レポート/小テスト)を定期試験の点数に【加点】する場合もあるが)
原則として、定期試験のみの成績による。
法, 英語講読３,定期試験（６０％）　指定されたUnitの読後レポート(２０%) 　授業参加度（２０％）　
法, 特設科目B （中国法文化２）,授業参加・発言・質問を総合的に評価する。
法, 実践英語３,定期試験（６０％）レポートおよび口頭発表、授業参加度（４０％）
法, ドイツ語５,授業のはじめの５～１０分程度、前回学習した内容の小テストを行うので、復習が必要。語彙を増やし、ドイツ語の副文構造に慣れ、まとまった文章を読みこなしたり発話できるように努力しましょう。
法, 中国語５,以下の３点から総合的に評価する。〈１〉授業態度及び宿題の出来具合。
〈２〉中間テストの成績。〈３〉期末レポート
法, 中国語５,以下の３点から総合的に評価する。〈１〉授業態度及び宿題の出来具合。
〈２〉中間テストの成績。〈３〉期末レポート
法, 特設科目B （教養演習）,授業参加度３０％、試験７０％で評価する。
法, 哲学２,コメントシート（10％）、レポート（40％）、定期テスト（50％）で評価します。
法, 特設科目B （教養演習）,None
法, 哲学２,コメントシート（10％）、レポート（40％）、定期テスト（50％）で評価します。
法, 特設科目B （法律中国語３）,平常点（授業参加度４０％、発言頻度２０％、授業態度２０％、小テスト２０％）
法, 特設科目B （教養演習）,None
法, 教養特設科目B（海外研修）,事前研修への貢献度20％、実地研修での研修態度60％、事後研修での報告書20％
法, 英語講読３,まとめのテスト（５０点）、平常点（小テストと授業参加態度と演習問題への取り組み姿勢等）（５０点）で総合評価する。授業回数の３分の１以上を欠席した場合は欠格とする。平常点の割合が高いので、普段の授業時の態度に注意すること。
法, 英語講読３,定期試験60％、平常点40％（授業参加度、提出物）で、評価する。授業回数の３分の１以上を欠席した場合は、欠格として定期試験の受験資格を認めない。また、遅刻は３回で欠席１回と計算する。
法, 英語講読３,平常点（４０％）、試験（６０％）を総合的に評価する。ただし、平常点には授業での発表の様子が含まれる。
法, 英語講読３,定期試験の成績を基（約８０％）に、小テスト及び授業への参加態度も考慮（約２０％）して、適正な評価を行う。
法, 英語講読３,Mid-term test: 20%, Final report: 25%; Presentations: 25%; Final Test/quiz: 15%, Homework, participation, effort, attitude: 15%
法, 英語講読３,定期試験６０％、授業中に行う小テスト３０％、発言等の授業参加１０％。授業回数の３分の２以上の出席に満たない場合は、欠格として定期試験の受験資格を認めない。
法, 英語講読３,
1. BEYOND THE BASICS OF THE TOEIC TEST

                                        塚田幸光、Braven Smilie

					金星堂

法, 英語講読３,授業で分担した箇所の英語の音読と日本語の訳の結果、が２０％。前期最終講義の後で行う試験の結果が６０％、ほぼ毎回行う単語のミニテスト２０％、を基準とする。
法, 応用演習１,判例報告　５０％　討論参加　５０％
法, 英語講読３,まとめのテスト（５０点）、平常点（小テストと授業参加態度と演習問題への取り組み姿勢等）（５０点）で総合評価する。授業回数の３分の１以上を欠席した場合は欠格とする。平常点の割合が高いので、普段の授業時の態度に注意すること。
法, 英語講読３,定期試験60％、平常点40％（授業参加度、提出物）で、評価する。授業回数の３分の１以上を欠席した場合は、欠格として定期試験の受験資格を認めない。また、遅刻は３回で欠席１回と計算する。
法, 英語講読３,平常点（４０％）、試験（６０％）を総合的に評価する。ただし、平常点には授業での発表の様子が含まれる。
法, 英語講読３,定期試験の成績を基（約８０％）に、小テスト及び授業への参加態度も考慮（約２０％）して、適正な評価を行う。
法, 英語講読３,Mid-term test: 20%, Final report: 25%; Presentations: 25%; Final Test/quiz: 15%, Homework, participation, effort, attitude: 15%
法, 英語講読３,定期試験６０％、授業中に行う小テスト３０％、発言等の授業参加１０％。授業回数の３分の２以上の出席に満たない場合は、欠格として定期試験の受験資格を認めない。
法, 英語講読３,
1. BEYOND THE BASICS OF THE TOEIC TEST

                                        塚田幸光、Braven Smilie

					金星堂

法, 英語講読３,授業で分担した箇所の英語の音読と日本語の訳の結果、が２０％。前期最終講義の後で行う試験の結果が６０％、ほぼ毎回行う単語のミニテスト２０％、を基準とする。
法, 応用演習１,授業中の報告（50％）、課題の提出（50％）
法, 特設科目B （法文化２）,Participation: 30%
Mid-term test: 30%
Final Essay: 40%
法, 中国語１,2017-03-31 19:21:51
法, 特設科目B （公法総合入門２）,試験による。授業中の態度も考慮する。
法, 特設科目B （民事法総合入門２）,定期試験の評価による（７０％）。ただし、受講態度等も評価基準として参考にする（３０％）。
法, 生涯スポーツと実践（マリン）,ダイビング技能の上達度、および実習に対する取組みなどを総合的に見て評価する。
法, 特設科目B （中国法）,試験による。試験については授業で説明する。
法, 特設科目B （中国法）,試験による。試験については授業で説明する。
法, 実践英語１（再）,試験５０％、平常点（授業への参加、受講態度、提出物、小テスト）５０％とする。１５分以上の遅刻は３回で１回の欠席とみなす。授業の３分の１以上を欠席した場合は欠格とし、試験の受験資格を失う。
法, 実践英語１（再）,定期試験60％、平常点40％（授業参加度、提出物）で、評価する。
法, 実践英語１（再）,試験５０％、平常点（授業への参加、受講態度、提出物、小テスト）５０％とする。１５分以上の遅刻は３回で１回の欠席とみなす。授業の３分の１以上を欠席した場合は欠格とし、試験の受験資格を失う。
法, 実践英語１（再）,定期試験60％、平常点40％（授業参加度、提出物）で、評価する。
法, 英語講読１（再）,成績評価を１００％として、平常点（授業態度・課題・小テスト）４０％、試験６０％とする。
法, 英語講読１（再）,レポート・小テストなど10％、テスト80％、平常点（授業の参加度や態度、予習・復習への取り組みなどを考慮して決めます）10％（状況により多少変化することがあります）
法, 英語講読１（再）,成績評価を１００％として、平常点（授業態度・課題・小テスト）４０％、試験６０％とする。
法, 英語講読１（再）,レポート・小テストなど10％、テスト80％、平常点（授業の参加度や態度、予習・復習への取り組みなどを考慮して決めます）10％（状況により多少変化することがあります）
法, 企業法２,(平常点(ex. レポート/小テスト)を定期試験の点数に【加点】する場合もあるが)
原則として、定期試験のみの成績による。
法, 憲法２,中間テスト（30％）、定期テスト（70％）
法, 民法３,定期試験100％。試験は、穴埋め問題や択一問題、語句説明、事例問題など多様な形式を組み合わせ、授業でカバーした部分について基礎的な知識を確実に習得しているかどうかを問う。
法, 政治史,定期試験：60％
中間試験：40％
詳細については、授業の「はじめに」で説明します。
法, 行政法１,期末試験（100％）
法, 応用演習２,報告と授業参加度で判断する。出席が授業回数の３分の２以下の場合には欠格とする。
法, 政治過程論,・中間試験（３０％）、定期試験（６０％）、授業内小テスト（１０％）。授業態度に問題がみられる場合は減点の対象にすることもある。
・正式な成績評価の方法・授業計画・注意事項等は、初回の講義にて配布する「詳細版シラバス」にて指示する。
法, 情報リテラシー２,授業内で提出するデータと全2回実施する課題により評価します。定期試験は実施しません。
また出席状況を重視し遅刻や早退は２回で１回の欠席と見なします。なお授業回数の3分の１以上欠席した場合は欠格として追試験の受験は認めませんので欠席のないようにして下さい。
法, 応用演習２,レジュメによる発表70％、議論30％で評価します。
法, 中国語４,授業態度及び宿題の出来具合。
法, 特設科目B （法文化４）,・ディスカッションへの参加：40％
・教科書の内容の報告：20％
・学期末レポート：40％
・授業態度や、無断欠席・無断遅刻の回数も成績評価に影響する。
・正式な成績評価の方法・授業計画・注意事項等は、初回の講義にて配布する「詳細版シラバス」にて指示する。
法, 会計学２,平常点（小テストなど）３０％、試験７０％
法, 特設科目B （税務入門）,・試験80％（講義の内容の理解度を確認する）、レポート20％。
・試験は、講義の内容を理解できているかを判定することを目的とし、きちんと理解できていれば合格点をつけるが、丸暗記的な理解は評価しない。試験のみでの単位取得は可能だが、相当の努力を要することを覚悟すべきである。
法, 国際政治学,定期試験：60％
中間試験：40％
詳細については、授業の「はじめに」で説明します。
法, 英語講読２,定期試験（６０％）授業参加度（４０％）
法, 応用演習２,出席（全出席が当然であるが、遅刻２回で１回の欠席とし、欠席５回で合格対象としない）、授業態度（発言、積極性）、討論会への寄与などで評価する。
法, 実践英語２,定期試験（６０％）　英語スピーチ（２０％）　授業参加度（２０％）
法, 倫理学２,試験（７０％）とレポート（３０％）とで、評価する。欠席が講義日数の三分の一を超える場合は受験できない。
法, 倫理学２,試験（７０％）とレポート（３０％）とで、評価する。欠席が講義日数の三分の一を超える場合は受験できない。
法, 応用演習２,授業中の報告（50％），課題の提出（50％）
法, 実践英語４,テレビやラジオの英語講座やニュースを活用して、日々英語に触れて英語の基礎的な力と学習習慣を身につけるよう心がけよう。
法, 実践英語４,授業への参加（受講態度、小テスト、提出物等）５０％、試験５０％
授業の３分の１以上を欠席した場合は、試験の受験資格を失います。
法, 実践英語４,平常点（授業参加度、授業態度、予習の有無、課題など） ２０％
中間試験 ３０％
試験 （第１５回目に実施） ５０％
法, 実践英語４,Attitude and Class Performance 50％
Preparation and homework 25％ and test 25％
法, 実践英語４,成績評価を１００％として、平常点（態度・音読課題）４０％、試験６０％とする。
法, 実践英語４,定期試験60％、平常点40％（授業参加度、ペアワーク、提出物）で、評価する。
法, 実践英語４,平常点(40%):毎回のプリントや授業参加度等。定期試験(40%) 小テスト(20%)
法, 実践英語４,まとめのテスト（５０点）、平常点（小テスト、授業参加態度、演習問題への取り組み姿勢）（５０点）で総合評価する。授業回数の３分の１以上を欠席した場合は欠格とする。平常点の割合が高いので、普段の授業時の態度に注意すること。
法, フランス語６,平常点（授業参加度40％、小テストと課題60％）
法, 情報リテラシー２,課題作成等により評価する。課題提出70％　平常点（受講態度等）30％
法, 応用演習２,ゼミでは、学ぶときは真剣に学び、遊ぶときは真剣に遊ぶのが目標です。そうしたメリハリの利く方の参加を期待します。
講義科目は私語厳禁ですが、演習科目（ゼミ）はむしろ沈黙を厳禁とします。講義とゼミはまったく違うものであって良いはずです。他の人の話を聞くべき時に聞くのは当然ですが、それ以外はすべての参加者が自由に発言し、ガヤガヤとしている雰囲気を目指します。
法, 実践英語４,テレビやラジオの英語講座やニュースを活用して、日々英語に触れて英語の基礎的な力と学習習慣を身につけるよう心がけよう。
法, 実践英語４,授業への参加（受講態度、小テスト、提出物等）５０％、試験５０％
授業の３分の１以上を欠席した場合は、試験の受験資格を失います。
法, 実践英語４,平常点（授業参加度、授業態度、予習の有無、課題など） ２０％
中間試験 ３０％
試験 （第１５回目に実施） ５０％
法, 実践英語４,Attitude and Class Performance 50％
Preparation and homework 25％ and test 25％
法, 実践英語４,成績評価を１００％として、平常点（態度・音読課題）４０％、試験６０％とする。
法, 実践英語４,定期試験60％、平常点40％（授業参加度、ペアワーク、提出物）で、評価する。
法, 実践英語４,平常点(40%):毎回のプリントや授業参加度等。定期試験(40%) 小テスト(20%)
法, 実践英語４,まとめのテスト（５０点）、平常点（小テスト、授業参加態度、演習問題への取り組み姿勢）（５０点）で総合評価する。授業回数の３分の１以上を欠席した場合は欠格とする。平常点の割合が高いので、普段の授業時の態度に注意すること。
法, 教養特設科目B（中国社会２）,平常点（授業参加度４０％、発言頻度３０％、授業態度３０％）で評価する。出席回数が3分の2以下の場合は欠格となる。
法, 民法３,試験で評価する。出欠席は取る。授業に出席し、質問に正解した学生には、試験の成績に加点することがある。
法, 民事訴訟法,筆記試験100%（短答式問題，正誤問題，事例分析型の論述問題を組み合わせて出題する）
法, 社会学２,以下の項目を合計して採点します。
平常点（30点）：平常課題の合計得点
発表点（30点）：グループ発表の得点
期末点（40点）：提出レポートの評価
法, 情報リテラシー２,提出課題（発表を含め５０点）、計算入力試験（２０点）、最終コンテンツ制作課題（３０点）の合計で評価する。
法, 応用演習２,発言回数および内容を勘案して総合評価する。
法, 民事訴訟法,筆記試験100%（短答式問題，正誤問題，事例分析型の論述問題を組み合わせて出題する）
法, 企業法１,定期試験
法, 日本法制史,定期試験および期間内に2回程度行う課題ミニレポートによる総合評価。概ね、定期試験70％、課題レポート30％の比率で評価する予定。
法, 社会学２,以下の項目を合計して採点します。
平常点（30点）：平常課題の合計得点
発表点（30点）：グループ発表の得点
期末点（40点）：提出レポートの評価
法, 教養特設科目B（中国報道２）,平常点（授業参加度３０％、授業態度２０％、会話発表５０％）
法, 情報リテラシー２,提出課題（発表を含め５０点）、計算入力試験（２０点）、最終コンテンツ制作課題（３０点）の合計で評価する。
法, 社会科学のための数学２,中間テスト（４０％）、定期テスト（６０％）で評価する。それぞれ、試験範囲（試験日以前の講義内容すべて）について、講義中に提示した例題と同様の難易度の問に解答できるかで評価する。
法, 応用演習２,授業中の報告（50％）、課題の提出（50％）
法, 応用演習２,平常点（グループの活動への貢献、プレゼンテーション：70点）、レポート（30点＋単位認定）
法, 特設科目B （警察・消防 法学特講）,レポート(2回実施)による成績評価。また、平素の授業での態度も考慮することがある。
法, 憲法１,筆記試験の点数を基本として評価する。
法, 行政学,中間試験（30点）と定期試験（70点）
理由なく中間試験を受けなかった場合は欠格とする。
授業中の私語は厳禁。授業態度が成績評価に反映されることもある。
法, 応用演習２,受講態度や発表内容に基づいて成績評価します。
法, 英語講読４,定期試験（６０％）指定されたUnitの読後レポート（２０％）授業参加度（２０％）　
法, 実践英語４,定期試験（６０％）レポートおよび口頭発表、授業参加度（４０％）
法, 情報リテラシー２,提出課題（発表を含め５０点）、計算入力試験（２０点）、最終コンテンツ制作課題（３０点）の合計で評価する。
法, ドイツ語６,授業のはじめの５～１０分程度、前回学習した内容の小テストを行うので、復習が必要。語彙を増やし、ドイツ語の副文構造に慣れ、まとまった文章を読みこなしたり発話できるように努力しましょう。
法, 特設科目B （金融商品取引法）,(平常点を加味する場合もあるが)原則として、試験の成績による。
法, 中国語６,以下の３点から総合的に評価する。〈１〉授業態度及び宿題の出来具合。
〈２〉中間テストの成績。〈３〉期末レポート。
法, 特設科目B （法律英語２）,報告70％、平常点（演習内での発言など）30％。
出席は加点要素とはしないが、３回以上欠席した場合は欠格とする。　
法, 応用演習２,平常点（課題・提出物等50%，報告や質疑の内容50%）
法, 中国語６,以下の３点から総合的に評価する。〈１〉授業態度及び宿題の出来具合。
〈２〉中間テストの成績。〈３〉期末レポート。
法, 応用演習２,報告内容によって評価する。必要に応じてレポートを課すことがある。
法, 特設科目B （法律中国語４）,平常点（授業参加度４０％、発言頻度２０％、授業態度２０％、小テスト２０％）
法, 英語講読４,まとめのテスト（５０点）、平常点（小テストと授業参加態度と演習問題への取り組み姿勢等）（５０点）で総合評価する。授業回数の３分の１以上を欠席した場合は欠格とする。平常点の割合が高いので、普段の授業時の態度に注意すること。
法, 英語講読４,定期試験60％、平常点40％（授業参加度、提出物）で、評価する。授業回数の３分の１以上を欠席した場合は、欠格として定期試験の受験資格を認めない。また、遅刻は３回で欠席１回と計算する。
法, 英語講読４,平常点（４０％）、試験（６０％）を総合的に評価する。平常点には授業での発表の様子が含まれる。
法, 英語講読４,定期試験の成績を基（約８０％）に、小テスト及び授業への参加態度も考慮（約２０％）して、適正な評価を行う。
法, 英語講読４,Mid-term test: 20%, Final report: 25%; Presentations: 25%; Final Test/quiz: 15%, Homework, participation, effort, attitude: 15%
法, 英語講読４,定期試験６０％、授業中に行う小テスト３０％、発言等の授業参加１０％。授業回数の３分の２以上の出席に満たない場合は、欠格として定期試験の受験資格を認めない。
法, 英語講読４,
1. BEYOND THE BASICS OF THE TOEIC TEST

                                        塚田幸光、Braven Smilie

					金星堂

法, 英語講読４,前期と同じだが、後期最終講義の後に行う試験55％と、ミニテスト１5％、授業中の発表30％程度を評価の基準とする。
法, 英語講読４,まとめのテスト（５０点）、平常点（小テストと授業参加態度と演習問題への取り組み姿勢等）（５０点）で総合評価する。授業回数の３分の１以上を欠席した場合は欠格とする。平常点の割合が高いので、普段の授業時の態度に注意すること。
法, 英語講読４,定期試験60％、平常点40％（授業参加度、提出物）で、評価する。授業回数の３分の１以上を欠席した場合は、欠格として定期試験の受験資格を認めない。また、遅刻は３回で欠席１回と計算する。
法, 英語講読４,平常点（４０％）、試験（６０％）を総合的に評価する。平常点には授業での発表の様子が含まれる。
法, 英語講読４,定期試験の成績を基（約８０％）に、小テスト及び授業への参加態度も考慮（約２０％）して、適正な評価を行う。
法, 英語講読４,Mid-term test: 20%, Final report: 25%; Presentations: 25%; Final Test/quiz: 15%, Homework, participation, effort, attitude: 15%
法, 英語講読４,定期試験６０％、授業中に行う小テスト３０％、発言等の授業参加１０％。授業回数の３分の２以上の出席に満たない場合は、欠格として定期試験の受験資格を認めない。
法, 英語講読４,
1. BEYOND THE BASICS OF THE TOEIC TEST

                                        塚田幸光、Braven Smilie

					金星堂

法, 英語講読４,前期と同じだが、後期最終講義の後に行う試験55％と、ミニテスト１5％、授業中の発表30％程度を評価の基準とする。
法, 応用演習２,判例報告　５０％　討論参加　５０％
法, 応用演習２,授業中の報告（50％）、課題の提出（50％）
法, 中国語２,2017-03-31 19:21:56
法, 特設科目B （民事法総合入門３）,平常点（４０％）試験（６０％）平常点は授業への参加度及び授業態度で総合的に判断する。
法, 生涯スポーツと実践（スキー）,実習中の実技、宿泊所内での生活全般を評価する。
法, 実践英語２（再）,試験５０％、平常点（授業への参加、受講態度、提出物、小テスト）５０％とする。１５分以上の遅刻は３回で１回の欠席とみなす。授業の３分の１以上を欠席した場合は欠格とし、試験の受験資格を失う。
法, 実践英語２（再）,定期試験60％、平常点40％（授業参加度、提出物）で、評価する。
法, 実践英語２,試験５０％、平常点（授業への参加、受講態度、提出物、小テスト）５０％とする。１５分以上の遅刻は３回で１回の欠席とみなす。授業の３分の１以上を欠席した場合は欠格とし、試験の受験資格を失う。
法, 実践英語２,定期試験60％、平常点40％（授業参加度、提出物）で、評価する。
法, 英語講読２（再）,成績評価を１００％として、平常点（授業態度・課題・小テスト）４０％、試験６０％とする。
法, 英語講読２（再）,レポート・小テストなど10％、テスト80％、平常点（授業の参加度や態度、予習・復習への取り組みなどを考慮して決めます）10％（状況により多少変化することがあります）
法, 英語講読２（再）,成績評価を１００％として、平常点（授業態度・課題・小テスト）４０％、試験６０％とする。
法, 英語講読２（再）,レポート・小テストなど10％、テスト80％、平常点（授業の参加度や態度、予習・復習への取り組みなどを考慮して決めます）10％（状況により多少変化することがあります）
法, 専門演習,出席（全出席が当然であるが、遅刻２回で欠席１回とし、欠席５回で合格対象としない）、報告（前後期あわせて２回以上。自分の報告に欠席した場合はそれだけで合格対象としない）、ゼミ論文（８０００字以上）、討論会への参加を評価の前提として（これらの１つでも欠ければ合格対象とはならない）、これらの内容と授業態度（発言、積極性）、各種課題への取組み、討論会への寄与などで評価する。
法, 専門演習,出席（全出席が当然であるが、遅刻２回で欠席１回とし、欠席５回で合格対象としない）、報告（前後期あわせて２回以上。自分の報告に欠席した場合はそれだけで合格対象としない）、ゼミ論文（８０００字以上）、討論会への参加を評価の前提として（これらの１つでも欠ければ合格対象とはならない）、これらの内容と授業態度（発言、積極性）、各種課題への取組み、討論会への寄与などで評価する。
法, 専門演習,積極的な出席・発言を期待します
法, 専門演習,積極的な出席・発言を期待します
法, 専門演習,平常点(授業時の発表/発言の積極性・グループ発表における貢献度等)
法, 専門演習,平常点(授業時の発表/発言の積極性・グループ発表における貢献度等)
法, 専門演習,評価方法は、（1）報告内容及び平常点（授業参加度（例えば、報告者に対する質問等、授業時の発言の頻度や内容）および求められるレポート課題への対応やその内容等がポイントとなる。）（30％）、（2）最終的に提出する「演習レポート」（70％）で評価する。（2）については、その作成過程（授業時に随時経過報告）も評価の対象となる。
法, 専門演習,評価方法は、（1）報告内容及び平常点（授業参加度（例えば、報告者に対する質問等、授業時の発言の頻度や内容）および求められるレポート課題への対応やその内容等がポイントとなる。）（30％）、（2）最終的に提出する「演習レポート」（70％）で評価する。（2）については、その作成過程（授業時に随時経過報告）も評価の対象となる。
法, 専門演習,平常点(授業態度）(50％）と演習レポート（50％）
法, 専門演習,平常点(授業態度）(50％）と演習レポート（50％）
法, 専門演習,報告内容や討論への参加度を70％、レポート、ゼミ論文の内容を30％とする。
法, 専門演習,報告内容や討論への参加度を70％、レポート、ゼミ論文の内容を30％とする。
法, 専門演習,参加状況(30％)　各種の課題(40％)　書評論文(30％+単位認定)。正式な成績評価の方法・授業計画・注意事項等は、初回の講義にて配布する「詳細版シラバス」にて指示する。
法, 専門演習,参加状況(30％)　各種の課題(40％)　書評論文(30％+単位認定)。正式な成績評価の方法・授業計画・注意事項等は、初回の講義にて配布する「詳細版シラバス」にて指示する。
法, 専門演習,書評報告：50％
課題報告：30％
討論等の参加状況：20％
詳細については、授業の「はじめに」で説明します。
法, 専門演習,書評報告：50％
課題報告：30％
討論等の参加状況：20％
詳細については、授業の「はじめに」で説明します。
法, 専門演習,　議論への積極的な参加40%、研究報告30%、レポート30%。ただし研究報告およびレポート提出のいずれかまたは両方を行わなかった場合は欠格とする。
法, 専門演習,　議論への積極的な参加40%、研究報告30%、レポート30%。ただし研究報告およびレポート提出のいずれかまたは両方を行わなかった場合は欠格とする。
法, 専門演習,ゼミでは、学ぶときは真剣に学び、遊ぶときは真剣に遊ぶのが目標です。そうしたメリハリの利く方の参加を期待します。
講義科目は私語厳禁ですが、演習科目（ゼミ）はむしろ沈黙を厳禁とします。講義とゼミはまったく違うものであって良いはずです。他の人の話を聞くべき時に聞くのは当然ですが、それ以外はすべての参加者が自由に発言し、ガヤガヤとしている雰囲気を目指します。
法, 専門演習,ゼミでは、学ぶときは真剣に学び、遊ぶときは真剣に遊ぶのが目標です。そうしたメリハリの利く方の参加を期待します。
講義科目は私語厳禁ですが、演習科目（ゼミ）はむしろ沈黙を厳禁とします。講義とゼミはまったく違うものであって良いはずです。他の人の話を聞くべき時に聞くのは当然ですが、それ以外はすべての参加者が自由に発言し、ガヤガヤとしている雰囲気を目指します。
法, 専門演習,（１）演習中の報告（報告レジュメの内容）および討論への参加態度（発言の内容や積極性）
（２）提出物（小レポートなど）の提出状況と内容
（３）演習レポートの内容
以上から総合的に判断する（それぞれ40%：20%：40%の比率）。
積極的かつ誠実な参加態度が必須であることはもちろん、必要な知識の蓄積と理解度、論理的思考力と表現力の錬成が評価の重要なポイントとなる。
法, 専門演習,（１）演習中の報告（報告レジュメの内容）および討論への参加態度（発言の内容や積極性）
（２）提出物（小レポートなど）の提出状況と内容
（３）演習レポートの内容
以上から総合的に判断する（それぞれ40%：20%：40%の比率）。
積極的かつ誠実な参加態度が必須であることはもちろん、必要な知識の蓄積と理解度、論理的思考力と表現力の錬成が評価の重要なポイントとなる。
法, 専門演習,授業参加、報告担当、中間レポート、最終的な演習レポート内容より総合的に評価する。
法, 専門演習,授業参加、報告担当、中間レポート、最終的な演習レポート内容より総合的に評価する。
法, 専門演習,平常点100％（授業態度50％，発言頻度50％）。
法, 専門演習,平常点100％（授業態度50％，発言頻度50％）。
法, 専門演習,演習への取り組み・発表内容に基づいて評価します。
法, 専門演習,演習への取り組み・発表内容に基づいて評価します。
法, 専門演習,担当箇所の報告（50％），議論への参加（50％）
法, 専門演習,担当箇所の報告（50％），議論への参加（50％）
法, 専門演習,報告と授業参加度で判断する。授業回数の３分の２以下の場合は欠格とする。
法, 専門演習,報告と授業参加度で判断する。授業回数の３分の２以下の場合は欠格とする。
法, 専門演習,平常点（100%）による。（レポート等の課題の提出が単位認定の前提条件となる）
法, 専門演習,平常点（100%）による。（レポート等の課題の提出が単位認定の前提条件となる）
法, 専門演習,レジュメによる発表70％、議論30％で評価します。
法, 専門演習,レジュメによる発表70％、議論30％で評価します。
法, 専門演習,ゼミへの参加の度合い90％、提出物10％。
法, 専門演習,ゼミへの参加の度合い90％、提出物10％。
法, 専門演習,期末レポートによる（100%）
法, 専門演習,期末レポートによる（100%）
法, 専門演習,発表50％、議論20％、レポート（単位論文）30％
法, 専門演習,発表50％、議論20％、レポート（単位論文）30％
法, 専門演習,判例報告　４０％　自由報告　４０％　討論参加　２０％
法, 専門演習,判例報告　４０％　自由報告　４０％　討論参加　２０％
法, 専門演習,出席を当然の前提に、質問への回答、自己の意見の陳述などを総合的に判断して行う。
法, 専門演習,出席を当然の前提に、質問への回答、自己の意見の陳述などを総合的に判断して行う。
法, 専門演習,プレゼンテーション（20%）、質疑応答への貢献（20%）、合同ゼミへの貢献（30%）、
演習レポート（30%+単位認定）
法, 専門演習,プレゼンテーション（20%）、質疑応答への貢献（20%）、合同ゼミへの貢献（30%）、
演習レポート（30%+単位認定）
法, 専門演習,演習への参加と参加姿勢、分担報告、討論での発言を総合した平常点（５０％）とレポート（５０％）により評価する。
法, 専門演習,演習への参加と参加姿勢、分担報告、討論での発言を総合した平常点（５０％）とレポート（５０％）により評価する。
法, 専門演習,演習レポート（５０点）、報告内容（５０点）。
法, 専門演習,演習レポート（５０点）、報告内容（５０点）。
法, 専門演習,報告（内容、方法）と、授業における発言・質問で総合的に判断します。
法, 専門演習,報告（内容、方法）と、授業における発言・質問で総合的に判断します。
法, 専門演習,通常の報告や受講態度（40%)と、最後に提出するゼミ論文(60%)を評価します。無断欠席や大遅刻などは論外です。なお、ロールプレイングに便利なテキストである『労働法ロールプレイング』は絶版なので、コピーを準備する予定です。
法, 専門演習,通常の報告や受講態度（40%)と、最後に提出するゼミ論文(60%)を評価します。無断欠席や大遅刻などは論外です。なお、ロールプレイングに便利なテキストである『労働法ロールプレイング』は絶版なので、コピーを準備する予定です。
法, 専門演習,担当箇所の報告（50％）、議論への参加（50％）
法, 知的財産法,(平常点(ex. レポート/小テスト)を定期試験の点数に【加点】する場合もあるが)
原則として、定期試験のみの成績による。
法, 知的財産法,(平常点(ex. レポート/小テスト)を定期試験の点数に【加点】する場合もあるが)
原則として、定期試験のみの成績による。
法, 社会保障法,定期試験100％
法, 社会保障法,定期試験100％
法, 地方自治法,中間テスト（30％）、定期テスト（70％）
法, 地方自治法,中間テスト（30％）、定期テスト（70％）
法, 経営学,成績は試験６０％，課題・レポート（２回）４０％で評価します。試験は授業内容の理解度を確認します。
法, 経営学,成績は試験６０％，課題・レポート（２回）４０％で評価します。試験は授業内容の理解度を確認します。
法, 行政法２,筆記試験（100％）
法, 行政法２,筆記試験（100％）
法, 租税法,・試験80％（講義の内容の理解度を確認する）、講義レポート20％（加点レポート）。
・出席は取らないが、授業中に発言した者には、若干の加点を行う。
・これ以外の「お願い」は考慮しない。
・レポートは提出すれば加点し、提出しないからといって減点することはない。
・試験は、講義の内容を理解できているかを判定することを目的とし、きちんと理解できていれば合格点をつけるが、丸暗記的な理解は評価しない。試験のみでの単位取得は可能だが、相当の努力を要することを覚悟すべきである。
法, 租税法,・試験80％（講義の内容の理解度を確認する）、講義レポート20％（加点レポート）。
・出席は取らないが、授業中に発言した者には、若干の加点を行う。
・これ以外の「お願い」は考慮しない。
・レポートは提出すれば加点し、提出しないからといって減点することはない。
・試験は、講義の内容を理解できているかを判定することを目的とし、きちんと理解できていれば合格点をつけるが、丸暗記的な理解は評価しない。試験のみでの単位取得は可能だが、相当の努力を要することを覚悟すべきである。
法, 民法４,定期試験100％。試験は、穴埋め問題や択一問題、論述問題など様々な形式を組み合わせ、授業内容の理解度ができるだけ正確に評価に反映するようなものにする。
法, 民法４,定期試験100％。試験は、穴埋め問題や択一問題、論述問題など様々な形式を組み合わせ、授業内容の理解度ができるだけ正確に評価に反映するようなものにする。
法, 社会心理学,学期末テスト（70％）とコメントペーパーおよび授業態度（30％）で評価する。
法, 社会心理学,学期末テスト（70％）とコメントペーパーおよび授業態度（30％）で評価する。
法, 国際私法,定期試験期間中に実施する筆記試験（１００点）による。設問に対し、しかるべき理由を付して答えていれば合格とし、理由付けの説得力のいかんにより、点数が上下する。なお、講義中の私語は、減点事由となる。
法, 国際私法,定期試験期間中に実施する筆記試験（１００点）による。設問に対し、しかるべき理由を付して答えていれば合格とし、理由付けの説得力のいかんにより、点数が上下する。なお、講義中の私語は、減点事由となる。
法, 特設科目２(不動産取引の法と実務・基礎),定期試験の評価による（７０％）。ただし、受講態度等も評価基準として参考にする（３０％）。
法, 特設科目２(不動産取引の法と実務・基礎),定期試験の評価による（７０％）。ただし、受講態度等も評価基準として参考にする（３０％）。
法, 民法５,試験で取得した点数に基づき評価する。授業中に質問をするが、正解を答えた学生には、試験の点数に加点することがある。授業への出欠席は確認する。
法, 民法５,試験で取得した点数に基づき評価する。授業中に質問をするが、正解を答えた学生には、試験の点数に加点することがある。授業への出欠席は確認する。
法, 倒産法,主として授業終盤での試験の成績による（75%）。加えて、中間段階での評価を行う（25%）。中間段階での評価は、WebClassでの小テストか、任意提出のレポートか、いずれか良い方の得点を用いる（いずれの得点もない場合、終盤の試験分の75点満点の得点を成績とする）。
法, 倒産法,主として授業終盤での試験の成績による（75%）。加えて、中間段階での評価を行う（25%）。中間段階での評価は、WebClassでの小テストか、任意提出のレポートか、いずれか良い方の得点を用いる（いずれの得点もない場合、終盤の試験分の75点満点の得点を成績とする）。
法, 倫理学,評価は、試験（７０％）、レポート（上限３０％）として、行なう。（ただし受講者数によって、試験をレポートに変更する場合もある。）
法, 倫理学,評価は、試験（７０％）、レポート（上限３０％）として、行なう。（ただし受講者数によって、試験をレポートに変更する場合もある。）
法, 応用フランス語,平常点(積極的な講読担当40％、小テストと課題60％）
法, 応用フランス語,平常点(積極的な講読担当40％、小テストと課題60％）
法, 西洋法制史,定期テストで評価する。
法, 西洋法制史,定期テストで評価する。
法, 社会政策,平常点３０％、定期試験７０％。平常点は授業への参加状況、コメントペーパーの提出等で総合的に判断する。
法, 社会政策,平常点３０％、定期試験７０％。平常点は授業への参加状況、コメントペーパーの提出等で総合的に判断する。
法, 特設科目２（法律中国語商用）,平常点（授業参加５０％、発言頻度１０％、授業態度１０％、小テスト３０％）
法, 特設科目２（法律中国語商用）,平常点（授業参加５０％、発言頻度１０％、授業態度１０％、小テスト３０％）
法, 刑事訴訟法,試験　100％
法, 刑事訴訟法,試験　100％
法, 経済法,試験（持ち込みは認めない）の結果による。なお、講義中に小テストを行った場合にはそれも加味して評価（２０％程度）する。
法, 経済法,試験（持ち込みは認めない）の結果による。なお、講義中に小テストを行った場合にはそれも加味して評価（２０％程度）する。
法, 西洋法制史,定期テストで評価する。
法, 西洋法制史,定期テストで評価する。
法, 企業法４,定期試験で評価する。なお、講義途中において小テストまたはレポートを課すことがある。
法, 企業法４,定期試験で評価する。なお、講義途中において小テストまたはレポートを課すことがある。
法, 哲学,単位を取るためだけの履修は遠慮願います。この授業内容に積極的な問題意識を持つ人だけに受講してもらいたいと思います。
法, 哲学,単位を取るためだけの履修は遠慮願います。この授業内容に積極的な問題意識を持つ人だけに受講してもらいたいと思います。
法, 労働法,　定期試験（50％）と、講義中に行う理解度をチェックする小テスト（50%）にて評価します。小テストは択一式の問題を予定していますが、0点～30点まで大きな差が付くことがあります（2016年の30点満点換算の場合）。
法, 労働法,　定期試験（50％）と、講義中に行う理解度をチェックする小テスト（50%）にて評価します。小テストは択一式の問題を予定していますが、0点～30点まで大きな差が付くことがあります（2016年の30点満点換算の場合）。
法, 企業法３,試験のみ
法, 企業法３,試験のみ
法, 特設科目２（法務演習１）,各種資格試験突破のためには、憲法・民法・刑法の基礎知識の習得は必須となります。限られた講義時間の中で、重要な分野の基礎知識を確実に習得していただき、各種資格試験突破をしていただきたいと思います。ただ、基礎知識の習得は一朝一夕では身につかず、地道な努力が必要となります。ともに頑張りましょう。
法, 特設科目２（法務演習１）,各種資格試験突破のためには、憲法・民法・刑法の基礎知識の習得は必須となります。限られた講義時間の中で、重要な分野の基礎知識を確実に習得していただき、各種資格試験突破をしていただきたいと思います。ただ、基礎知識の習得は一朝一夕では身につかず、地道な努力が必要となります。ともに頑張りましょう。
法, 応用中国語,授業状況（演習参加の様子等）とレポートによって評価する。
法, 応用中国語,授業状況（演習参加の様子等）とレポートによって評価する。
法, 外国法１,平常点２０％、試験８０％（講義内容を確認する択一問題と論述問題）。
平常点は、講義内レポートによって評価する。詳細は、講義中に説明する。
出席はとらない。なお、これ以外の「お願い」は考慮しない。
法, 外国法１,平常点２０％、試験８０％（講義内容を確認する択一問題と論述問題）。
平常点は、講義内レポートによって評価する。詳細は、講義中に説明する。
出席はとらない。なお、これ以外の「お願い」は考慮しない。
法, 経済政策,期末試験で評価します。評価基準は授業の理解度です。
法, 経済政策,期末試験で評価します。評価基準は授業の理解度です。
法, 民事執行法,試験100％。
法, 民事執行法,試験100％。
法, 特設科目２(沖縄の基地をめぐる政治と行政),論述式の試験、小レポート、そして平常点（受講態度、発言頻度）をあわせて評価します。
法, 特設科目２(沖縄の基地をめぐる政治と行政),論述式の試験、小レポート、そして平常点（受講態度、発言頻度）をあわせて評価します。
法, 国際組織法,第２回～第１５回について、毎回、事前課題と事後の小レポートなどを基に、各回１０点を上限に評価します。その合計点（１０点×１４回＝１４０点が上限）を、１．４で割った数字に基づいて、最終的な評価を行います。欠席、２０分を超える遅刻、および、出席はしたが課題不提出の回は、いずれの場合もその回の評価を０点としますが、定期試験の評価に基づく加点はあり得ます。定期試験は、欠席（２０分を超える遅刻および課題不提出を含む）が１回～４回の受講者を対象として行い、「定期試験の評価（１０点を上限）×欠席回数」を、出席回数の合計点に加え、それを１．４で割った数字に基づいて、評価します。出席回数が９回以下（欠席回数が５回以上）の場合には、原則として定期試験の受験を認めません。詳しくは、第１回（成績評価対象外）に説明します。なお、授業中の私語について、私語をしていた学生が特定できた場合には、その時点でその学生の評価は「不合格（Ｆ）と」します。
法, 国際組織法,第２回～第１５回について、毎回、事前課題と事後の小レポートなどを基に、各回１０点を上限に評価します。その合計点（１０点×１４回＝１４０点が上限）を、１．４で割った数字に基づいて、最終的な評価を行います。欠席、２０分を超える遅刻、および、出席はしたが課題不提出の回は、いずれの場合もその回の評価を０点としますが、定期試験の評価に基づく加点はあり得ます。定期試験は、欠席（２０分を超える遅刻および課題不提出を含む）が１回～４回の受講者を対象として行い、「定期試験の評価（１０点を上限）×欠席回数」を、出席回数の合計点に加え、それを１．４で割った数字に基づいて、評価します。出席回数が９回以下（欠席回数が５回以上）の場合には、原則として定期試験の受験を認めません。詳しくは、第１回（成績評価対象外）に説明します。なお、授業中の私語について、私語をしていた学生が特定できた場合には、その時点でその学生の評価は「不合格（Ｆ）と」します。
法, 日本史１,定期試験７０％、授業中に課した小レポートや宿題３０％で評価する。定期試験は論述形式で行い、理解度・論理性などを判断基準とする。定期試験では授業中に配付する資料と自筆ノートの持ち込みを許可する。
法, 日本史１,None
法, 外国史,小テスト（20%）、定期試験（80%）
法, 外国史,小テスト二回（30％）、定期試験（70％）。
試験は論述形式で、授業内容の理解度を評価する。
法, 自然地理学,定期試験が６０点。抜き打ち小テストが４回×１０点＝４０点。合計１００点満点とする。
法, 刑事政策,定期試験４０％、小テスト（講義内）３０％、質疑応答と課題２０％、受講状況（毎回のリアクションペーパー）１０％の総合計１００％で評価します。なお、講義回数の１／３以上を欠席した場合は、失格となります。
講義中に私語、居眠り、携帯などで注意を受けた場合に受講拒否として失格となる場合があります。
＊講義の進行状況等により講義項目が変更されることがありますのでご了承ください。
法, 刑事政策,定期試験４０％、小テスト（講義内）３０％、質疑応答と課題２０％、受講状況（毎回のリアクションペーパー）１０％の総合計１００％で評価します。なお、講義回数の１／３以上を欠席した場合は、失格となります。
講義中に私語、居眠り、携帯などで注意を受けた場合に受講拒否として失格となる場合があります。
＊講義の進行状況等により講義項目が変更されることがありますのでご了承ください。
法, 特設科目１(地域研究),試験（筆記）７０％。毎回授業の最後に提出するショートレポート３０％（１回３点×１０回分）。採点においては要素点（必要な要素をどの程度盛り込んでいるか）と論理構成点（設問に対して論理的、説得的な解答が構成されているか）を同等に考慮して評価する。
法, 特設科目１(地域研究),試験（筆記）７０％。毎回授業の最後に提出するショートレポート３０％（１回３点×１０回分）。採点においては要素点（必要な要素をどの程度盛り込んでいるか）と論理構成点（設問に対して論理的、説得的な解答が構成されているか）を同等に考慮して評価する。
法, 外国語文献講読(英語),授業参加評価２０％、レポート評価８０％。但し出席が１回もない場合のレポート提出は認めない。
法, リーガル・リサーチ,クラスで発表（プレゼンテーション）：35％
レポート（判例研究のレポート）：35％
提出物（課題の提出、取組み姿勢）：30％
法, リーガル・リサーチ,クラスで発表（プレゼンテーション）：35％
レポート（判例研究のレポート）：35％
提出物（課題の提出、取組み姿勢）：30％
法, 刑事政策,たとえば日本では一年間に犯罪が何件くらい発生しているのでしょうか。その割合として、どのような犯罪が何パーセントくらいを占めるでしょうか。そうした犯罪を減らすためにどのような対策が有効でしょうか。犯罪・非行の現状や対策に興味をもって講義に参加してほしいと思います。
法, 刑事政策,たとえば日本では一年間に犯罪が何件くらい発生しているのでしょうか。その割合として、どのような犯罪が何パーセントくらいを占めるでしょうか。そうした犯罪を減らすためにどのような対策が有効でしょうか。犯罪・非行の現状や対策に興味をもって講義に参加してほしいと思います。
法, 外国語文献講読(中国語),試験の結果を基本とし、 授業参加と訳の担当状況を考慮し総合的に判断する。 よって欠席し翻訳の担当をしていない者については大幅に減点するため、 合格点に達することは不可能である。
法, 特設科目２（マンション法-建物区分所有法）,試験の成績100％で評価します。なお、学生諸君の多数によるレポート課題の希望があれば、課題を出して加点材料とします。
法, 特設科目２（マンション法-建物区分所有法）,試験の成績100％で評価します。なお、学生諸君の多数によるレポート課題の希望があれば、課題を出して加点材料とします。
法, 特設科目２(不動産取引の法と実務・応用),定期試験の評価による（７０％）。ただし、受講態度等も評価基準として参考にする（３０％）。
法, 特設科目２(不動産取引の法と実務・応用),定期試験の評価による（７０％）。ただし、受講態度等も評価基準として参考にする（３０％）。
法, 特設科目１（アドバンスト行政法）,試験（100%）による。
法, 特設科目１（アドバンスト行政法）,試験（100%）による。
法, 東洋法史論,試験の結果による。試験について詳しくは授業において説明する。
法, 東洋法史論,試験の結果による。試験について詳しくは授業において説明する。
法, 応用フランス語,平常点(積極的な講読担当40％、小テストと課題60％）
法, 応用フランス語,平常点(積極的な講読担当40％、小テストと課題60％）
法, 外国語文献講読(独語),基本的には、割り当てた翻訳やその他の報告によって判断する。授業回数の３分の２以下の場合は欠格とする。
法, 法社会学,０．中間・期末等論述筆記試験は行わない
１．ウェブクラスの会議室でのディスカッション（25％）講義を聞いた上で、コメント（感想、意見、質問、提案等）を指定する掲示板に指定期日までに記入し、他の受講生とディスカッショする。教員からコメントもする。「おもしろかった、むずかしかった・・」等だけのコメントではなく、なにかしら「思考している」ことがわかるコメントとすること。
２．第１回～第３回課題レポート（順に10, 15, 25％、合計50％）レポートは「論文書評レポート」。詳細については初回授業で説明する。課題レポートがひとつでも未提出の場合は積算得点にかかわらず不可。
３．授業中に複数回行う択一式確認テスト（25％）
法, 法社会学,０．中間・期末等論述筆記試験は行わない
１．ウェブクラスの会議室でのディスカッション（25％）講義を聞いた上で、コメント（感想、意見、質問、提案等）を指定する掲示板に指定期日までに記入し、他の受講生とディスカッショする。教員からコメントもする。「おもしろかった、むずかしかった・・」等だけのコメントではなく、なにかしら「思考している」ことがわかるコメントとすること。
２．第１回～第３回課題レポート（順に10, 15, 25％、合計50％）レポートは「論文書評レポート」。詳細については初回授業で説明する。課題レポートがひとつでも未提出の場合は積算得点にかかわらず不可。
３．授業中に複数回行う択一式確認テスト（25％）
法, 特設科目２（法律中国語総合）,平常点（授業参加５０％、発言頻度１０％、授業態度１０％、小テスト３０％）
法, 特設科目２（法律中国語総合）,平常点（授業参加５０％、発言頻度１０％、授業態度１０％、小テスト３０％）
法, 外国語文献講読(英語),報告時のレジュメ（50％）、議論への貢献度などを含む平常点（50％）による。
法, 国際政治史,定期試験（80％）と、２回の小テスト（20％）で評価する。
法, 国際政治史,定期試験（80％）と、２回の小テスト（20％）で評価する。
法, 倒産法,試験100％。
法, 倒産法,試験100％。
法, 外国語文献講読(英語),平常点（事前準備の状況、訳文の正確性、討論への参加、各章の読了時に行う口頭での質問への受け答え等）　100％
法, 法社会学,原則として定期試験により評価するが、授業中に小レポートを実施する可能性もある（ただし実施日の予告はしない）。実施する場合は、試験９０％、レポート１０％の割合で評価する。定期試験においては、講義内容の基本的理解度、および自分の考えをいかに筋道立てて論じているかという観点から評価する。
法, 法社会学,原則として定期試験により評価するが、授業中に小レポートを実施する可能性もある（ただし実施日の予告はしない）。実施する場合は、試験９０％、レポート１０％の割合で評価する。定期試験においては、講義内容の基本的理解度、および自分の考えをいかに筋道立てて論じているかという観点から評価する。
法, 民事執行法,試験100％。
法, 民事執行法,試験100％。
法, 外国法２,定期テストによって評価する。
法, 外国法２,定期テストによって評価する。
法, 特設科目２（法務演習２）,試験８０％、平常点（発言及び法文書作成への取り組み姿勢）２０％
ただし、出席回数が３分の２以下の場合は欠格とする。
法, 特設科目２（法務演習２）,試験８０％、平常点（発言及び法文書作成への取り組み姿勢）２０％
ただし、出席回数が３分の２以下の場合は欠格とする。
法, リーガル・リサーチ,平常点70%（出席態度30%，課題への取組状況30%，発言・質問10%），最終レポート30%
法, リーガル・リサーチ,平常点70%（出席態度30%，課題への取組状況30%，発言・質問10%），最終レポート30%
法, 比較法,定期テストで評価する
法, 比較法,定期テストで評価する
法, 外国法２,講義毎に配布・回収する質問票の内容２０％、定期試験８０％の割合で評価します。
法, 外国法２,講義毎に配布・回収する質問票の内容２０％、定期試験８０％の割合で評価します。
法, 歴史学,試験１００％で、６０点以上の者を合格とする。但し、出席回数が３分の２以下の場合は欠格とする。 尚、 試験に際して配付したプリント・自筆ノートの持ち込みを認める。追試験では持ち込みを一切不可とする。
法, 歴史学,試験１００％で、６０点以上の者を合格とする。但し、出席回数が３分の２以下の場合は欠格とする。 尚、 試験に際して配付したプリント・自筆ノートの持ち込みを認める。追試験では持ち込みを一切不可とする。
法, リーガル・リサーチ,報告（40％）、レポートの提出（40％）、授業参加度（20％）で判断する。授業回数の３分の２以下の場合は欠格とする。
法, リーガル・リサーチ,報告（40％）、レポートの提出（40％）、授業参加度（20％）で判断する。授業回数の３分の２以下の場合は欠格とする。
法, 環境法,定期試験（100％）による。
法, 環境法,定期試験（100％）による。
法, 卒業研究演習,学部での学習のまとめとして論文を完成させてほしい。
法, 卒業研究演習,学部での学習のまとめとして論文を完成させてほしい。
法, 卒業研究演習,出席（全出席が当然であるが、遅刻２回で欠席１回とし、欠席５回で合格対象としない）、報告（前後期あわせて２回以上。自分の報告に欠席した場合はそれだけで合格対象としない）、ゼミ論文（１００００字以上）を評価の前提として（これらの１つでも欠ければ合格対象とはならない）、これらの内容と授業態度（発言、積極性）などで評価する。
法, 卒業研究演習,出席（全出席が当然であるが、遅刻２回で欠席１回とし、欠席５回で合格対象としない）、報告（前後期あわせて２回以上。自分の報告に欠席した場合はそれだけで合格対象としない）、ゼミ論文（１００００字以上）を評価の前提として（これらの１つでも欠ければ合格対象とはならない）、これらの内容と授業態度（発言、積極性）などで評価する。
法, 卒業研究演習,報告や討論への参加状況を50％、ゼミ論文の内容を50％とする。
法, 卒業研究演習,報告や討論への参加状況を50％、ゼミ論文の内容を50％とする。
法, 卒業研究演習,
1. 近藤敦『人権法』日本評論社





法, 卒業研究演習,
1. 近藤敦『人権法』日本評論社





法, 卒業研究演習,受講態度及び報告内容をふまえて評価します。
法, 卒業研究演習,受講態度及び報告内容をふまえて評価します。
法, 卒業研究演習,ゼミ論、卒論に関する報告（30%）
卒業論文（70%+単位認定）
法, 卒業研究演習,ゼミ論、卒論に関する報告（30%）
卒業論文（70%+単位認定）
法, 卒業研究演習,演習レポートを課すので十分に注意されたい。成績評価は、①演習中の報告（報告レジュメの内容）および討論への参加態度（発言の内容や積極性）、②提出物（小レポートなど）の提出状況と内容、③演習レポートの内容、以上から総合的に判断する（それぞれ40%：20%：40%の比率）。 必要な知識の蓄積とその理解度、論理的思考力と表現力を、評価の基準となる重要なポイントとして特に挙げておく。
法, 卒業研究演習,演習レポートを課すので十分に注意されたい。成績評価は、①演習中の報告（報告レジュメの内容）および討論への参加態度（発言の内容や積極性）、②提出物（小レポートなど）の提出状況と内容、③演習レポートの内容、以上から総合的に判断する（それぞれ40%：20%：40%の比率）。 必要な知識の蓄積とその理解度、論理的思考力と表現力を、評価の基準となる重要なポイントとして特に挙げておく。
法, 卒業研究演習,平常点（クラス参加、グループ作業の成果等）　80％
提出レポート　20％
法, 卒業研究演習,平常点（クラス参加、グループ作業の成果等）　80％
提出レポート　20％
法, 卒業研究演習,ゼミへの参加の度合い90％、提出物10％。
法, 卒業研究演習,ゼミへの参加の度合い90％、提出物10％。
法, 卒業研究演習,論文による（100%）
法, 卒業研究演習,論文による（100%）
法, 卒業研究演習,報告と授業参加度、卒業論文の提出で判断する。授業回数の３分の２以下の場合は欠格とするが、就職活動等の理由のある欠席については考慮する。
法, 卒業研究演習,報告と授業参加度、卒業論文の提出で判断する。授業回数の３分の２以下の場合は欠格とするが、就職活動等の理由のある欠席については考慮する。
法, 卒業研究演習,研究発表：50％
課題報告：30％
討論等の参加状況：20％
詳細については、授業の「はじめに」で説明します。
法, 卒業研究演習,研究発表：50％
課題報告：30％
討論等の参加状況：20％
詳細については、授業の「はじめに」で説明します。
法, 卒業研究演習,平常点（授業態度）が50％、年度末のレポートが50％。
法, 卒業研究演習,平常点（授業態度）が50％、年度末のレポートが50％。
法, 卒業研究演習,ゼミでは、学ぶときは真剣に学び、遊ぶときは真剣に遊ぶのが目標です。そうしたメリハリの利く方の参加を期待します。
講義科目は私語厳禁ですが、演習科目（ゼミ）はむしろ沈黙を厳禁とします。講義とゼミはまったく違うものであって良いはずです。他の人の話を聞くべき時に聞くのは当然ですが、それ以外はすべての参加者が自由に発言し、ガヤガヤとしている雰囲気を目指します。
法, 卒業研究演習,ゼミでは、学ぶときは真剣に学び、遊ぶときは真剣に遊ぶのが目標です。そうしたメリハリの利く方の参加を期待します。
講義科目は私語厳禁ですが、演習科目（ゼミ）はむしろ沈黙を厳禁とします。講義とゼミはまったく違うものであって良いはずです。他の人の話を聞くべき時に聞くのは当然ですが、それ以外はすべての参加者が自由に発言し、ガヤガヤとしている雰囲気を目指します。
法, 卒業研究演習,卒業論文70％、議論30％で評価します。
法, 卒業研究演習,卒業論文70％、議論30％で評価します。
法, 卒業研究演習,卒業研究報告（口頭）　２０％　卒業研究（２００００字以上）　８０％
法, 卒業研究演習,卒業研究報告（口頭）　２０％　卒業研究（２００００字以上）　８０％
法, 卒業研究演習,授業参加度20％、報告20％、議論10％、卒業論文50％
法, 卒業研究演習,授業参加度20％、報告20％、議論10％、卒業論文50％
法, 卒業研究演習,平常点(授業時の発表/発言の積極性・グループ発表における貢献度等)
法, 卒業研究演習,平常点(授業時の発表/発言の積極性・グループ発表における貢献度等)
法, 卒業研究演習,質疑応答の中身、理解度、課題の提出などを総合的に判断して決する
法, 卒業研究演習,質疑応答の中身、理解度、課題の提出などを総合的に判断して決する
法, 卒業研究演習,平常点100％（授業態度50％，発言頻度50％）。
法, 卒業研究演習,平常点100％（授業態度50％，発言頻度50％）。
法, 卒業研究演習,議論への貢献度（60%）、授業態度（20%）、発言頻度（20%）、の平常点による。
法, 卒業研究演習,議論への貢献度（60%）、授業態度（20%）、発言頻度（20%）、の平常点による。
法, 卒業研究演習,報告（内容・方法）70%と、授業における発言・質問30%とで総合的に判断します。
法, 卒業研究演習,報告（内容・方法）70%と、授業における発言・質問30%とで総合的に判断します。
法, 卒業研究演習,演習への参加と参加姿勢、分担報告、討論での発言を総合した平常点（５０％）と卒業論文（５０％）により評価する。
法, 卒業研究演習,演習への参加と参加姿勢、分担報告、討論での発言を総合した平常点（５０％）と卒業論文（５０％）により評価する。
法, 卒業研究演習,報告の内容。
法, 卒業研究演習,報告の内容。
法, 卒業研究演習,平常点の総合評価（担当回の報告内容、質疑応答の内容や状況など）による。
無断欠席は厳禁。やむを得ず欠席する場合は、原則として事前にメールにて連絡を入れること（最低限でも、欠席理由を事後報告すること）。
法, 卒業研究演習,平常点の総合評価（担当回の報告内容、質疑応答の内容や状況など）による。
無断欠席は厳禁。やむを得ず欠席する場合は、原則として事前にメールにて連絡を入れること（最低限でも、欠席理由を事後報告すること）。
法, 卒業研究演習,評価方法は、(1)報告内容及び平常点（授業参加度（例えば、報告者に対する質問等、授業時の発言の頻度や内容）および求められるレポート課題への対応やその内容等がポイントとなる。）（20％）、(2)最終的に提出する「演習レポート」（80％）で評価する。特に(2)においては、その内容だけでなく、作成の過程（授業時の経過報告）も重視する。
法, 卒業研究演習,評価方法は、(1)報告内容及び平常点（授業参加度（例えば、報告者に対する質問等、授業時の発言の頻度や内容）および求められるレポート課題への対応やその内容等がポイントとなる。）（20％）、(2)最終的に提出する「演習レポート」（80％）で評価する。特に(2)においては、その内容だけでなく、作成の過程（授業時の経過報告）も重視する。
法, インターンシップ１,５日間以上のインターンシップ、受け入れ先からの評価報告書等によるインターンシップの実施状況、体験報告会における報告内容などで評価します。
法, インターンシップ２,5日間以上のインターンシップ、受け入れ先からの評価報告書等によるインターンシップの実施状況、体験報告会における報告内容などで評価します。一つの実習先に合計１０日間以上参加した場合、または、異なる実習先に各々５日間以上参加した場合には、「インターンシップ１」と「インターンシップ２」をそれぞれ認定します。
法, 現代日本政治,・中間試験（３０％）、定期試験（６０％）、授業内小テスト（１０％）。授業態度に問題がみられる場合は減点の対象にすることもある。
・正式な成績評価の方法・授業計画・注意事項等は、初回の講義にて配布する「詳細版シラバス」にて指示する。
法, 現代日本政治,・中間試験（３０％）、定期試験（６０％）、授業内小テスト（１０％）。授業態度に問題がみられる場合は減点の対象にすることもある。
・正式な成績評価の方法・授業計画・注意事項等は、初回の講義にて配布する「詳細版シラバス」にて指示する。
法, 法律英語,平常点100％（授業参加度・発言50％、課題への取り組み・成果50％）
法, 消費者法,学期末の定期試験によって評価する（100％）
法, 消費者法,学期末の定期試験によって評価する（100％）
法, 国際取引法,今、 企業でどのようなことが起こっているかを国際取引法の切り口から知りたいと思いませんか？身近なこと、 例えば、 買い物をするときにも国際取引法が関係している場合があります。 この講義をとることによって、 国際契約にも興味が持てるようになった自分を発見するかもしれません。 英語が好きな方、 海外へ行ってみたい方も歓迎します。 英語が不得意でも構いません。 諸君にヤル気があれば何か忘れがたい想い出が残るように頑張りますので参加ください。
法, 国際取引法,今、 企業でどのようなことが起こっているかを国際取引法の切り口から知りたいと思いませんか？身近なこと、 例えば、 買い物をするときにも国際取引法が関係している場合があります。 この講義をとることによって、 国際契約にも興味が持てるようになった自分を発見するかもしれません。 英語が好きな方、 海外へ行ってみたい方も歓迎します。 英語が不得意でも構いません。 諸君にヤル気があれば何か忘れがたい想い出が残るように頑張りますので参加ください。
法, 教職入門,定期試験100％
授業を6回以上欠席した場合は欠格とする。
法, 教育原論,定期試験80％、授業内課題20％。教職科目という授業の性質に鑑みて、受講態度によって最大20％の減点をします。また、授業回数の3分の2以上の出席に満たない場合は欠格になります。
法, 教育心理学,中間レポート20％、最終試験80％
法, 日本史１（旧カリ）,定期試験７０％、授業中に課した小レポートや宿題３０％で評価する。定期試験は論述形式で行い、理解度・論理性などを判断基準とする。定期試験では授業中に配付する資料と自筆ノートの持ち込みを許可する。
法, 日本史１（旧カリ）,定期試験７０％、授業中に課した小レポートや宿題３０％で評価する。定期試験は論述形式で行い、理解度・論理性などを判断基準とする。定期試験では授業中に配付する資料と自筆ノートの持ち込みを許可する。
法, 外国史（旧カリ）,小テスト二回（30％）、定期試験（70％）。
試験は論述形式で、授業内容の理解度を評価する。
法, 外国史（旧カリ）,小テスト二回（30％）、定期試験（70％）。
試験は論述形式で、授業内容の理解度を評価する。
法, 生涯学習論,定期試験100％
授業を6回以上欠席した場合は欠格とする。
法, 教育課程論,平常点（グループ作業・発表の成果）　60％、授業時に指示する提出物　40％
特段の理由なく3回連続無断欠席もしくは全体の3分の1以上欠席した場合は欠格とする。
法, 生徒・進路指導論,・授業後の振り返りシート（30％）
・試験（70％）
・出席は加点とはしないが、3分の1以上の欠席で欠格
法, 自然地理学（旧カリ）,定期試験が６０点。抜き打ち小テストが４回×１０点＝４０点。合計１００点満点とする。
法, 自然地理学（旧カリ）,定期試験が６０点。抜き打ち小テストが４回×１０点＝４０点。合計１００点満点とする。
法, 発達心理学,定期試験50％、宿題（小レポート課題）30％、毎回の授業の課題を20％として成績を評価し、好ましくない受講態度は減点の対象とする。
授業回数の3分の１以上を欠席した場合は欠格とする。
法, 認知心理学,毎回の授業後に実施する講義内容に関するレポート（100%）により評価する。
法, 教育法規,定期試験100％
授業を6回以上を欠席した場合は欠格とする。
法, 社会・地理歴史科教育法,レポート（30%）、指導案作成（50％）、クラスでの発表（20%）：積極的な発表や討論を期待する、なお講義への出席が９回以下の場合は欠格とする。
法, 社会・公民科教育法,授業参加度，取り組み（50%）授業中に課せられた課題（30％），テスト（20％）の配分で総合的に評価します。出席を重視します。5回以上欠席した場合は原則として評価の対象としません。
法, 教育方法論,毎回の授業の終わりに小課題に取り組んでもらう。また，授業の後半に，演習的な要素も盛り込む。小課題（２０％）、演習（３０％）、最終課題（５０％）を総合的に評価する。
法, 学校教育相談,・授業後の振り返りシート（30％）
・試験（70％）
・出席は加点とはしないが、3分の1以上の欠席で欠格
法, 日本文化史（旧カリ）,平常点(受講態度・課題レポート[60％])と定期試験[40％]の総合評価で行う。授業の進度を鑑み講義時間内で２～３回のレポートを課す。
法, 日本文化史（旧カリ）,平常点(受講態度・課題レポート[60％])と定期試験[40％]の総合評価で行う。授業の進度を鑑み講義時間内で２～３回のレポートを課す。
法, 民俗学（旧カリ）,平常点(受講態度・課題レポート[60％])および定期試験[40％]による総合評価。なお、出席不足者の定期試験受験は認めない。
法, 民俗学（旧カリ）,平常点(受講態度・課題レポート[60％])および定期試験[40％]による総合評価。なお、出席不足者の定期試験受験は認めない。
法, 教育行政論,定期試験100％
授業を6回以上欠席した場合は、欠格とする。
法, 道徳教育の指導法,小テスト３０点（道徳教育の歴史、学習指導要領上での位置づけ、道徳性の発達について）、課題レポート７０点（道徳の学習指導案）　
法, 特別活動の指導法,・　授業後の振り返りシート（３０％）、グループワークの発表等（２０％）、試験（５０％）
・　出席は加点としないが、３分の１以上の欠席で失格
法, 教育情報論,毎回演習的な要素も盛り込む。演習への積極的な取り組み（40％）及び毎回の授業の振り返りの小課題（30％）、最終課題（30％）を総合的に評価する。
法, 古文書学（旧カリ）,・平常点40％（受講態度及び課題に対する取り組み・小テストの点数により判断する。なお1/3以上の欠席は定期試験の受験を認めない。また、時間内で複数の小テストをおこなう。)
・定期試験60％（くずし字がどれだけ読めるかにかかっている。）
・テスト・定期試験では『くずし字解読辞典』の持ち込みを認める。
法, 古文書学（旧カリ）,・平常点40％（受講態度及び課題に対する取り組み・小テストの点数により判断する。なお1/3以上の欠席は定期試験の受験を認めない。また、時間内で複数の小テストをおこなう。)
・定期試験60％（くずし字がどれだけ読めるかにかかっている。）
・テスト・定期試験では『くずし字解読辞典』の持ち込みを認める。
法, 地理学１（旧カリ）,定期試験が６０点。抜き打ち小テストが４回×１０点＝４０点。合計１００点満点とする。
法, 地理学１（旧カリ）,定期試験が６０点。抜き打ち小テストが４回×１０点＝４０点。合計１００点満点とする。
法, 地誌学（旧カリ）,定期試験が６０点。抜き打ち小テストが４回×１０点＝４０点。合計１００点満点とする。
法, 地誌学（旧カリ）,定期試験が６０点。抜き打ち小テストが４回×１０点＝４０点。合計１００点満点とする。
法, 倫理学１（旧カリ）,定期試験100％
法, 倫理学１（旧カリ）,定期試験100％
法, 社会・地理歴史科指導法,模擬授業５０％、模擬授業の受講態度２０％、学習指導案などの課題やレポート３０％の配分で総合的に評価。
５回以上欠席した場合は原則として評価の対象としません。
法, 社会・地理歴史科指導法,模擬授業５０％、模擬授業の受講態度２０％、学習指導案などの課題やレポート３０％の配分で総合的に評価。
５回以上欠席した場合は原則として評価の対象としません。
法, 社会・公民科指導法,レポート（20%）、指導案作成（30％）、模擬授業（30％）、クラスでの発表（20%）：積極的な発表や討論を期待する。なお講義への出席が９回以下の場合は欠格とする。
法, 社会・公民科指導法,レポート（20%）、指導案作成（30％）、模擬授業（30％）、クラスでの発表（20%）：積極的な発表や討論を期待する。なお講義への出席が９回以下の場合は欠格とする。
法, 教育実習の研究(事前),平常点 100％
受講態度、模擬授業等を総合的に評価する。授業を6回以上欠席した場合は欠格とする。
法, 教育実習の研究(事前),平常点 100％
受講態度、模擬授業等を総合的に評価する。授業を6回以上欠席した場合は欠格とする。
法, 教育メディア環境論,毎回演習的な要素を盛り込む。演習への積極的な取り組み（20％）及び毎回の授業の振り返りの小課題（30％），最終課題（50％）を総合的に評価する。
法, 教育メディア環境論,毎回演習的な要素を盛り込む。演習への積極的な取り組み（20％）及び毎回の授業の振り返りの小課題（30％），最終課題（50％）を総合的に評価する。
法, 哲学１,中間テスト50％、定期試験50％
法, 哲学１,中間テスト50％、定期試験50％
法, 教育実習１,教育実習では、実習生として責任ある態度で臨んでください。
法, 教育実習１,教育実習では、実習生として責任ある態度で臨んでください。
法, 教育実習２,教育実習は、大学では学べないことを学ぶことのできる、教育現場での体験活動である。貴重な機会を生かして、多くのことを学び、教員としての力量を高めるとともに、教員になる自覚をさらに高めること。
法, 教育実習２,教育実習は、大学では学べないことを学ぶことのできる、教育現場での体験活動である。貴重な機会を生かして、多くのことを学び、教員としての力量を高めるとともに、教員になる自覚をさらに高めること。
法, 教育実習の研究（事後）,平常点100％　教育実習の研究(事前)と併せて評価する。レポート、口頭試問等。
法, 教育実習の研究（事後）,平常点100％　教育実習の研究(事前)と併せて評価する。レポート、口頭試問等。
法, 教職実践演習(中・高),平常点100％
グループ討論における討論内容および態度、課題研究における取り組みの過程および報告書、学外研修等の報告書などを総合評価する。
法, 教職実践演習(中・高),平常点100％
グループ討論における討論内容および態度、課題研究における取り組みの過程および報告書、学外研修等の報告書などを総合評価する。
法, 生涯学習論,定期試験100％
授業を6回以上欠席した場合は欠格とする。
法, 博物館教育論,平常点（授業参加度）30％、レポート20％、試験50％
法, 博物館原論,平常点（基本的に講義ごとにアンケートを実施ー提出率を成績に反映。アンケート回数の１/３以上の未提出は欠格）５０％、レポート１回５０％
法, 博物館資料保存論,小テスト６０％、随時行う簡単なレポート３０％、参加態度１０％、欠席は減点する。毎回小テストを行う。
法, 日本文化の歴史,平常点(受講態度・課題レポート[60％])と定期試験[40％]の総合評価で行う。授業の進度を鑑み講義時間内で２～３回のレポートを課す。
法, 民俗学,平常点(受講態度・課題レポート[60％])および定期試験[40％]による総合評価。なお、出席不足者の定期試験受験は認めない。
法, 日本文化史（旧カリ）,平常点(受講態度・課題レポート[60％])と定期試験[40％]の総合評価で行う。授業の進度を鑑み講義時間内で２～３回のレポートを課す。
法, 日本文化史（旧カリ）,平常点(受講態度・課題レポート[60％])と定期試験[40％]の総合評価で行う。授業の進度を鑑み講義時間内で２～３回のレポートを課す。
法, 民俗学（旧カリ）,平常点(受講態度・課題レポート[60％])および定期試験[40％]による総合評価。なお、出席不足者の定期試験受験は認めない。
法, 民俗学（旧カリ）,平常点(受講態度・課題レポート[60％])および定期試験[40％]による総合評価。なお、出席不足者の定期試験受験は認めない。
法, 博物館経営論,平常点（受講態度・積極性）30％　レポート1回提出30％　　試験40％　ただし、授業回数の3/1を超えて欠席した場合は失格とする。
法, 博物館展示論,事前課題の提出50％　　　授業内レポート・小テスト30%　　参加態度20%　　欠席は減点する。
法, 古文書学,・平常点40％（受講態度及び課題に対する取り組み・小テストの点数により判断する。なお1/3以上の欠席は定期試験の受験を認めない。また、時間内で複数の小テストをおこなう。)
・定期試験60％（くずし字がどれだけ読めるかにかかっている。）
・テスト・定期試験では『くずし字解読辞典』の持ち込みを認める。
法, 古文書学（旧カリ）,・平常点40％（受講態度及び課題に対する取り組み・小テストの点数により判断する。なお1/3以上の欠席は定期試験の受験を認めない。また、時間内で複数の小テストをおこなう。)
・定期試験60％（くずし字がどれだけ読めるかにかかっている。）
・テスト・定期試験では『くずし字解読辞典』の持ち込みを認める。
法, 古文書学（旧カリ）,・平常点40％（受講態度及び課題に対する取り組み・小テストの点数により判断する。なお1/3以上の欠席は定期試験の受験を認めない。また、時間内で複数の小テストをおこなう。)
・定期試験60％（くずし字がどれだけ読めるかにかかっている。）
・テスト・定期試験では『くずし字解読辞典』の持ち込みを認める。
法, 博物館実習１,実習のため、欠席することで技術の習得が遅れることになる。したがって、積極的な取り組み姿勢は評価に大きく反映させる(40％)。試験は行わないが、受講態度と技術習得の度合いを評価の対象に含め、レポートにて最終的な評価を行う(60％)。
法, 博物館実習１,実習のため、欠席することで技術の習得が遅れることになる。したがって、積極的な取り組み姿勢は評価に大きく反映させる(40％)。試験は行わないが、受講態度と技術習得の度合いを評価の対象に含め、レポートにて最終的な評価を行う(60％)。
法, 博物館資料論２,受講態度40％、試験の成績60％。これらを総合して評価する。
ただし、受講回数の3分の1以上欠席した場合は欠格とする。
法, 博物館資料論２,受講態度40％、試験の成績60％。これらを総合して評価する。
ただし、受講回数の3分の1以上欠席した場合は欠格とする。
法, 博物館情報論,毎回演習的な要素も盛り込む。演習への積極的な取り組み（40％）及び毎回の授業の振り返りの小課題（30％）、最終課題（30％）を総合的に評価する。チラシ作成の演習及び博物館実地調査・発表の中で、グループメンバー間の相互連携・協力の姿勢も評価に加算する。
法, 博物館情報論,毎回演習的な要素も盛り込む。演習への積極的な取り組み（40％）及び毎回の授業の振り返りの小課題（30％）、最終課題（30％）を総合的に評価する。チラシ作成の演習及び博物館実地調査・発表の中で、グループメンバー間の相互連携・協力の姿勢も評価に加算する。
法, 教育メディア環境論,毎回演習的な要素を盛り込む。演習への積極的な取り組み（20％）及び毎回の授業の振り返りの小課題（30％），最終課題（50％）を総合的に評価する。
法, 教育メディア環境論,毎回演習的な要素を盛り込む。演習への積極的な取り組み（20％）及び毎回の授業の振り返りの小課題（30％），最終課題（50％）を総合的に評価する。
法, 博物館実習２,館務実習における参加の記録（実習簿、作品等）及び実習前後の面談、補充学習等を総合的に評価する。（100％）
法, 博物館実習２,館務実習における参加の記録（実習簿、作品等）及び実習前後の面談、補充学習等を総合的に評価する。（100％）
法, 博物館実習３,館務実習における参加の記録（実習簿、作品等）及び実習前後の面談、補充学習等を総合的に評価する。（100％）
法, 博物館実習３,館務実習における参加の記録（実習簿、作品等）及び実習前後の面談、補充学習等を総合的に評価する。（100％）
